[
    {
        "model": "admin.logentry",
        "pk": 1,
        "fields": {
            "action_time": "2023-11-05T14:22:50.284Z",
            "user": "admin",
            "content_type": 11,
            "object_id": "1",
            "object_repr": "playlist_1",
            "action_flag": 1,
            "change_message": "[{\"added\": {}}]"
        }
    },
    {
        "model": "admin.logentry",
        "pk": 2,
        "fields": {
            "action_time": "2023-11-05T14:23:14.367Z",
            "user": "admin",
            "content_type": 10,
            "object_id": "1",
            "object_repr": "songs_1",
            "action_flag": 1,
            "change_message": "[{\"added\": {}}]"
        }
    },
    {
        "model": "admin.logentry",
        "pk": 3,
        "fields": {
            "action_time": "2023-11-05T14:23:33.053Z",
            "user": "admin",
            "content_type": 9,
            "object_id": "1",
            "object_repr": "english",
            "action_flag": 1,
            "change_message": "[{\"added\": {}}]"
        }
    },
    {
        "model": "admin.logentry",
        "pk": 4,
        "fields": {
            "action_time": "2023-11-05T14:23:36.446Z",
            "user": "admin",
            "content_type": 9,
            "object_id": "2",
            "object_repr": "hindi",
            "action_flag": 1,
            "change_message": "[{\"added\": {}}]"
        }
    },
    {
        "model": "admin.logentry",
        "pk": 5,
        "fields": {
            "action_time": "2023-11-05T14:24:33.933Z",
            "user": "admin",
            "content_type": 12,
            "object_id": "1",
            "object_repr": "Favourite object (1)",
            "action_flag": 1,
            "change_message": "[{\"added\": {}}]"
        }
    },
    {
        "model": "admin.logentry",
        "pk": 6,
        "fields": {
            "action_time": "2023-11-05T14:26:54.406Z",
            "user": "admin",
            "content_type": 8,
            "object_id": "admin",
            "object_repr": "admin",
            "action_flag": 2,
            "change_message": "[{\"changed\": {\"fields\": [\"Otp\"]}}]"
        }
    },
    {
        "model": "admin.logentry",
        "pk": 7,
        "fields": {
            "action_time": "2023-11-05T14:44:21.513Z",
            "user": "admin",
            "content_type": 10,
            "object_id": "4",
            "object_repr": "helello",
            "action_flag": 3,
            "change_message": ""
        }
    },
    {
        "model": "admin.logentry",
        "pk": 8,
        "fields": {
            "action_time": "2023-11-05T14:44:21.525Z",
            "user": "admin",
            "content_type": 10,
            "object_id": "3",
            "object_repr": "helello",
            "action_flag": 3,
            "change_message": ""
        }
    },
    {
        "model": "admin.logentry",
        "pk": 9,
        "fields": {
            "action_time": "2023-11-05T14:44:21.529Z",
            "user": "admin",
            "content_type": 10,
            "object_id": "2",
            "object_repr": "helello",
            "action_flag": 3,
            "change_message": ""
        }
    },
    {
        "model": "admin.logentry",
        "pk": 10,
        "fields": {
            "action_time": "2023-11-05T14:46:51.127Z",
            "user": "admin",
            "content_type": 12,
            "object_id": "1",
            "object_repr": "admin",
            "action_flag": 2,
            "change_message": "[{\"changed\": {\"fields\": [\"Song\"]}}]"
        }
    },
    {
        "model": "admin.logentry",
        "pk": 11,
        "fields": {
            "action_time": "2023-11-05T14:47:15.683Z",
            "user": "admin",
            "content_type": 12,
            "object_id": "1",
            "object_repr": "admin",
            "action_flag": 2,
            "change_message": "[{\"changed\": {\"fields\": [\"Playlist\"]}}]"
        }
    },
    {
        "model": "admin.logentry",
        "pk": 12,
        "fields": {
            "action_time": "2023-11-05T14:47:27.313Z",
            "user": "admin",
            "content_type": 11,
            "object_id": "3",
            "object_repr": "another playlist",
            "action_flag": 3,
            "change_message": ""
        }
    },
    {
        "model": "admin.logentry",
        "pk": 13,
        "fields": {
            "action_time": "2023-11-05T16:33:40.231Z",
            "user": "admin",
            "content_type": 11,
            "object_id": "2",
            "object_repr": "another playlist",
            "action_flag": 2,
            "change_message": "[{\"changed\": {\"fields\": [\"Songs\"]}}]"
        }
    },
    {
        "model": "admin.logentry",
        "pk": 14,
        "fields": {
            "action_time": "2023-11-05T16:33:50.402Z",
            "user": "admin",
            "content_type": 11,
            "object_id": "2",
            "object_repr": "another playlist",
            "action_flag": 2,
            "change_message": "[{\"changed\": {\"fields\": [\"Songs\"]}}]"
        }
    },
    {
        "model": "admin.logentry",
        "pk": 15,
        "fields": {
            "action_time": "2023-11-05T16:33:55.669Z",
            "user": "admin",
            "content_type": 11,
            "object_id": "1",
            "object_repr": "playlist_1",
            "action_flag": 2,
            "change_message": "[{\"changed\": {\"fields\": [\"Songs\"]}}]"
        }
    },
    {
        "model": "admin.logentry",
        "pk": 16,
        "fields": {
            "action_time": "2023-11-05T16:34:00.955Z",
            "user": "admin",
            "content_type": 11,
            "object_id": "1",
            "object_repr": "playlist_1",
            "action_flag": 2,
            "change_message": "[]"
        }
    },
    {
        "model": "admin.logentry",
        "pk": 17,
        "fields": {
            "action_time": "2023-11-05T17:31:53.131Z",
            "user": "admin",
            "content_type": 11,
            "object_id": "1",
            "object_repr": "change ho gyi",
            "action_flag": 2,
            "change_message": "[{\"changed\": {\"fields\": [\"Songs\"]}}]"
        }
    },
    {
        "model": "admin.logentry",
        "pk": 18,
        "fields": {
            "action_time": "2023-11-05T17:37:31.857Z",
            "user": "admin",
            "content_type": 11,
            "object_id": "1",
            "object_repr": "sdasdasd",
            "action_flag": 2,
            "change_message": "[{\"changed\": {\"fields\": [\"Songs\"]}}]"
        }
    },
    {
        "model": "admin.logentry",
        "pk": 19,
        "fields": {
            "action_time": "2023-11-05T17:55:22.322Z",
            "user": "admin",
            "content_type": 10,
            "object_id": "5",
            "object_repr": "helello",
            "action_flag": 3,
            "change_message": ""
        }
    },
    {
        "model": "admin.logentry",
        "pk": 20,
        "fields": {
            "action_time": "2023-11-05T17:55:22.336Z",
            "user": "admin",
            "content_type": 10,
            "object_id": "1",
            "object_repr": "songs_1",
            "action_flag": 3,
            "change_message": ""
        }
    },
    {
        "model": "admin.logentry",
        "pk": 21,
        "fields": {
            "action_time": "2023-11-05T17:59:14.489Z",
            "user": "admin",
            "content_type": 13,
            "object_id": "1",
            "object_repr": "happy",
            "action_flag": 1,
            "change_message": "[{\"added\": {}}]"
        }
    },
    {
        "model": "admin.logentry",
        "pk": 22,
        "fields": {
            "action_time": "2023-11-05T17:59:29.132Z",
            "user": "admin",
            "content_type": 13,
            "object_id": "1",
            "object_repr": "rock",
            "action_flag": 2,
            "change_message": "[{\"changed\": {\"fields\": [\"Name\"]}}]"
        }
    },
    {
        "model": "admin.logentry",
        "pk": 23,
        "fields": {
            "action_time": "2023-11-05T17:59:33.167Z",
            "user": "admin",
            "content_type": 13,
            "object_id": "2",
            "object_repr": "pop",
            "action_flag": 1,
            "change_message": "[{\"added\": {}}]"
        }
    },
    {
        "model": "admin.logentry",
        "pk": 24,
        "fields": {
            "action_time": "2023-11-05T17:59:40.452Z",
            "user": "admin",
            "content_type": 14,
            "object_id": "1",
            "object_repr": "happy",
            "action_flag": 1,
            "change_message": "[{\"added\": {}}]"
        }
    },
    {
        "model": "admin.logentry",
        "pk": 25,
        "fields": {
            "action_time": "2023-11-05T17:59:43.346Z",
            "user": "admin",
            "content_type": 14,
            "object_id": "2",
            "object_repr": "sad",
            "action_flag": 1,
            "change_message": "[{\"added\": {}}]"
        }
    },
    {
        "model": "admin.logentry",
        "pk": 26,
        "fields": {
            "action_time": "2023-11-05T20:53:00.644Z",
            "user": "admin",
            "content_type": 11,
            "object_id": "1",
            "object_repr": "change ho gyi",
            "action_flag": 2,
            "change_message": "[{\"changed\": {\"fields\": [\"Songs\"]}}]"
        }
    },
    {
        "model": "admin.logentry",
        "pk": 27,
        "fields": {
            "action_time": "2023-11-06T05:05:21.314Z",
            "user": "admin",
            "content_type": 11,
            "object_id": "1",
            "object_repr": "change ho gyi",
            "action_flag": 2,
            "change_message": "[{\"changed\": {\"fields\": [\"Is private\"]}}]"
        }
    },
    {
        "model": "admin.logentry",
        "pk": 28,
        "fields": {
            "action_time": "2023-11-06T05:13:17.738Z",
            "user": "admin",
            "content_type": 11,
            "object_id": "2",
            "object_repr": "another playlist",
            "action_flag": 2,
            "change_message": "[{\"changed\": {\"fields\": [\"Songs\"]}}]"
        }
    },
    {
        "model": "admin.logentry",
        "pk": 29,
        "fields": {
            "action_time": "2023-11-06T05:13:29.547Z",
            "user": "admin",
            "content_type": 10,
            "object_id": "1",
            "object_repr": "changes name",
            "action_flag": 2,
            "change_message": "[{\"changed\": {\"fields\": [\"Is private\"]}}]"
        }
    },
    {
        "model": "admin.logentry",
        "pk": 30,
        "fields": {
            "action_time": "2023-11-06T07:45:16.899Z",
            "user": "admin",
            "content_type": 10,
            "object_id": "3",
            "object_repr": "helello",
            "action_flag": 2,
            "change_message": "[{\"changed\": {\"fields\": [\"Language\"]}}]"
        }
    },
    {
        "model": "admin.logentry",
        "pk": 31,
        "fields": {
            "action_time": "2023-11-06T07:47:07.798Z",
            "user": "admin",
            "content_type": 10,
            "object_id": "4",
            "object_repr": "helello",
            "action_flag": 2,
            "change_message": "[{\"changed\": {\"fields\": [\"Genre\"]}}]"
        }
    },
    {
        "model": "admin.logentry",
        "pk": 32,
        "fields": {
            "action_time": "2023-11-06T14:29:41.464Z",
            "user": "admin",
            "content_type": 10,
            "object_id": "2",
            "object_repr": "helello",
            "action_flag": 2,
            "change_message": "[{\"changed\": {\"fields\": [\"Language\", \"Genre\"]}}]"
        }
    },
    {
        "model": "admin.logentry",
        "pk": 33,
        "fields": {
            "action_time": "2023-11-07T07:53:50.812Z",
            "user": "admin",
            "content_type": 8,
            "object_id": "admin",
            "object_repr": "admin",
            "action_flag": 2,
            "change_message": "[{\"changed\": {\"fields\": [\"Proile pic url\"]}}]"
        }
    },
    {
        "model": "admin.logentry",
        "pk": 34,
        "fields": {
            "action_time": "2023-11-07T11:41:11.268Z",
            "user": "admin",
            "content_type": 8,
            "object_id": "admin",
            "object_repr": "admin",
            "action_flag": 2,
            "change_message": "[{\"changed\": {\"fields\": [\"Proile pic url\"]}}]"
        }
    },
    {
        "model": "admin.logentry",
        "pk": 35,
        "fields": {
            "action_time": "2023-11-07T13:15:48.615Z",
            "user": "admin",
            "content_type": 8,
            "object_id": "admin",
            "object_repr": "admin",
            "action_flag": 2,
            "change_message": "[{\"changed\": {\"fields\": [\"Is artist\"]}}]"
        }
    },
    {
        "model": "admin.logentry",
        "pk": 36,
        "fields": {
            "action_time": "2023-11-07T13:17:35.329Z",
            "user": "admin",
            "content_type": 8,
            "object_id": "admin",
            "object_repr": "admin",
            "action_flag": 2,
            "change_message": "[{\"changed\": {\"fields\": [\"Is artist\"]}}]"
        }
    },
    {
        "model": "admin.logentry",
        "pk": 37,
        "fields": {
            "action_time": "2023-11-07T13:30:45.488Z",
            "user": "admin",
            "content_type": 8,
            "object_id": "admin",
            "object_repr": "admin",
            "action_flag": 2,
            "change_message": "[{\"changed\": {\"fields\": [\"Is artist\"]}}]"
        }
    },
    {
        "model": "admin.logentry",
        "pk": 38,
        "fields": {
            "action_time": "2023-11-07T13:32:08.318Z",
            "user": "admin",
            "content_type": 8,
            "object_id": "admin",
            "object_repr": "admin",
            "action_flag": 2,
            "change_message": "[{\"changed\": {\"fields\": [\"Is artist\"]}}]"
        }
    },
    {
        "model": "admin.logentry",
        "pk": 39,
        "fields": {
            "action_time": "2023-11-07T13:34:41.864Z",
            "user": "admin",
            "content_type": 8,
            "object_id": "admin",
            "object_repr": "admin",
            "action_flag": 2,
            "change_message": "[{\"changed\": {\"fields\": [\"Proile pic url\", \"Is artist\"]}}]"
        }
    },
    {
        "model": "admin.logentry",
        "pk": 40,
        "fields": {
            "action_time": "2023-11-07T17:54:58.956Z",
            "user": "admin",
            "content_type": 8,
            "object_id": "lakshay",
            "object_repr": "lakshay",
            "action_flag": 3,
            "change_message": ""
        }
    },
    {
        "model": "admin.logentry",
        "pk": 41,
        "fields": {
            "action_time": "2023-11-08T19:27:29.583Z",
            "user": "admin",
            "content_type": 11,
            "object_id": "2",
            "object_repr": "another playlist",
            "action_flag": 2,
            "change_message": "[{\"changed\": {\"fields\": [\"Songs\"]}}]"
        }
    },
    {
        "model": "admin.logentry",
        "pk": 42,
        "fields": {
            "action_time": "2023-11-08T20:01:17.357Z",
            "user": "admin",
            "content_type": 8,
            "object_id": "lakshay",
            "object_repr": "lakshay",
            "action_flag": 2,
            "change_message": "[{\"changed\": {\"fields\": [\"Otp\"]}}]"
        }
    },
    {
        "model": "admin.logentry",
        "pk": 43,
        "fields": {
            "action_time": "2023-11-08T20:05:17.340Z",
            "user": "admin",
            "content_type": 8,
            "object_id": "lakshay",
            "object_repr": "lakshay",
            "action_flag": 2,
            "change_message": "[{\"changed\": {\"fields\": [\"Otp\"]}}]"
        }
    },
    {
        "model": "admin.logentry",
        "pk": 44,
        "fields": {
            "action_time": "2023-11-08T20:06:26.925Z",
            "user": "admin",
            "content_type": 8,
            "object_id": "admin",
            "object_repr": "admin",
            "action_flag": 2,
            "change_message": "[{\"changed\": {\"fields\": [\"Otp\"]}}]"
        }
    },
    {
        "model": "admin.logentry",
        "pk": 45,
        "fields": {
            "action_time": "2023-11-08T20:51:23.982Z",
            "user": "admin",
            "content_type": 11,
            "object_id": "1",
            "object_repr": "update ho gyi",
            "action_flag": 2,
            "change_message": "[{\"changed\": {\"fields\": [\"Is private\"]}}]"
        }
    },
    {
        "model": "admin.logentry",
        "pk": 46,
        "fields": {
            "action_time": "2023-11-08T20:55:56.719Z",
            "user": "admin",
            "content_type": 10,
            "object_id": "35",
            "object_repr": "sdasdasdas",
            "action_flag": 2,
            "change_message": "[{\"changed\": {\"fields\": [\"Is private\"]}}]"
        }
    },
    {
        "model": "admin.logentry",
        "pk": 47,
        "fields": {
            "action_time": "2023-11-08T20:56:56.905Z",
            "user": "admin",
            "content_type": 10,
            "object_id": "31",
            "object_repr": "ssfsfsf",
            "action_flag": 2,
            "change_message": "[]"
        }
    },
    {
        "model": "admin.logentry",
        "pk": 48,
        "fields": {
            "action_time": "2023-11-08T21:05:43.008Z",
            "user": "admin",
            "content_type": 8,
            "object_id": "admin",
            "object_repr": "admin",
            "action_flag": 2,
            "change_message": "[{\"changed\": {\"fields\": [\"Profile pic url\"]}}]"
        }
    },
    {
        "model": "admin.logentry",
        "pk": 49,
        "fields": {
            "action_time": "2023-11-08T21:07:02.607Z",
            "user": "admin",
            "content_type": 8,
            "object_id": "admin",
            "object_repr": "admin",
            "action_flag": 2,
            "change_message": "[{\"changed\": {\"fields\": [\"Is artist\"]}}]"
        }
    },
    {
        "model": "admin.logentry",
        "pk": 50,
        "fields": {
            "action_time": "2023-11-08T21:30:47.747Z",
            "user": "admin",
            "content_type": 12,
            "object_id": "7",
            "object_repr": "admin",
            "action_flag": 3,
            "change_message": ""
        }
    },
    {
        "model": "admin.logentry",
        "pk": 51,
        "fields": {
            "action_time": "2023-11-08T21:30:47.760Z",
            "user": "admin",
            "content_type": 12,
            "object_id": "6",
            "object_repr": "lakshay",
            "action_flag": 3,
            "change_message": ""
        }
    },
    {
        "model": "admin.logentry",
        "pk": 52,
        "fields": {
            "action_time": "2023-11-08T21:30:47.766Z",
            "user": "admin",
            "content_type": 12,
            "object_id": "5",
            "object_repr": "lakshay",
            "action_flag": 3,
            "change_message": ""
        }
    },
    {
        "model": "admin.logentry",
        "pk": 53,
        "fields": {
            "action_time": "2023-11-08T21:30:47.773Z",
            "user": "admin",
            "content_type": 12,
            "object_id": "4",
            "object_repr": "lakshay",
            "action_flag": 3,
            "change_message": ""
        }
    },
    {
        "model": "admin.logentry",
        "pk": 54,
        "fields": {
            "action_time": "2023-11-08T21:30:47.778Z",
            "user": "admin",
            "content_type": 12,
            "object_id": "3",
            "object_repr": "admin",
            "action_flag": 3,
            "change_message": ""
        }
    },
    {
        "model": "admin.logentry",
        "pk": 55,
        "fields": {
            "action_time": "2023-11-08T21:44:15.172Z",
            "user": "admin",
            "content_type": 10,
            "object_id": "31",
            "object_repr": "ssfsfsf",
            "action_flag": 3,
            "change_message": ""
        }
    },
    {
        "model": "admin.logentry",
        "pk": 56,
        "fields": {
            "action_time": "2023-11-08T21:44:15.186Z",
            "user": "admin",
            "content_type": 10,
            "object_id": "30",
            "object_repr": "ssfsfsf",
            "action_flag": 3,
            "change_message": ""
        }
    },
    {
        "model": "admin.logentry",
        "pk": 57,
        "fields": {
            "action_time": "2023-11-08T21:44:15.192Z",
            "user": "admin",
            "content_type": 10,
            "object_id": "29",
            "object_repr": "ssfsfsf",
            "action_flag": 3,
            "change_message": ""
        }
    },
    {
        "model": "admin.logentry",
        "pk": 58,
        "fields": {
            "action_time": "2023-11-08T21:44:15.197Z",
            "user": "admin",
            "content_type": 10,
            "object_id": "28",
            "object_repr": "ssfsfsf",
            "action_flag": 3,
            "change_message": ""
        }
    },
    {
        "model": "admin.logentry",
        "pk": 59,
        "fields": {
            "action_time": "2023-11-08T21:44:15.202Z",
            "user": "admin",
            "content_type": 10,
            "object_id": "27",
            "object_repr": "ssfsfsf",
            "action_flag": 3,
            "change_message": ""
        }
    },
    {
        "model": "admin.logentry",
        "pk": 60,
        "fields": {
            "action_time": "2023-11-08T21:44:15.206Z",
            "user": "admin",
            "content_type": 10,
            "object_id": "26",
            "object_repr": "ssfsfsf",
            "action_flag": 3,
            "change_message": ""
        }
    },
    {
        "model": "admin.logentry",
        "pk": 61,
        "fields": {
            "action_time": "2023-11-08T21:44:15.210Z",
            "user": "admin",
            "content_type": 10,
            "object_id": "25",
            "object_repr": "ssfsfsf",
            "action_flag": 3,
            "change_message": ""
        }
    },
    {
        "model": "admin.logentry",
        "pk": 62,
        "fields": {
            "action_time": "2023-11-08T21:44:15.214Z",
            "user": "admin",
            "content_type": 10,
            "object_id": "24",
            "object_repr": "BHOOL JAA",
            "action_flag": 3,
            "change_message": ""
        }
    },
    {
        "model": "admin.logentry",
        "pk": 63,
        "fields": {
            "action_time": "2023-11-08T21:44:15.218Z",
            "user": "admin",
            "content_type": 10,
            "object_id": "23",
            "object_repr": "BHOOL JAA",
            "action_flag": 3,
            "change_message": ""
        }
    },
    {
        "model": "admin.logentry",
        "pk": 64,
        "fields": {
            "action_time": "2023-11-08T21:44:15.223Z",
            "user": "admin",
            "content_type": 10,
            "object_id": "20",
            "object_repr": "BHOOL JAA",
            "action_flag": 3,
            "change_message": ""
        }
    },
    {
        "model": "admin.logentry",
        "pk": 65,
        "fields": {
            "action_time": "2023-11-08T21:44:15.229Z",
            "user": "admin",
            "content_type": 10,
            "object_id": "19",
            "object_repr": "BHOOL JAA",
            "action_flag": 3,
            "change_message": ""
        }
    },
    {
        "model": "admin.logentry",
        "pk": 66,
        "fields": {
            "action_time": "2023-11-08T21:44:15.237Z",
            "user": "admin",
            "content_type": 10,
            "object_id": "18",
            "object_repr": "BHOOL JAA",
            "action_flag": 3,
            "change_message": ""
        }
    },
    {
        "model": "admin.logentry",
        "pk": 67,
        "fields": {
            "action_time": "2023-11-08T21:44:15.243Z",
            "user": "admin",
            "content_type": 10,
            "object_id": "17",
            "object_repr": "BHOOL JAA",
            "action_flag": 3,
            "change_message": ""
        }
    },
    {
        "model": "admin.logentry",
        "pk": 68,
        "fields": {
            "action_time": "2023-11-08T21:44:15.246Z",
            "user": "admin",
            "content_type": 10,
            "object_id": "16",
            "object_repr": "BHOOL JAA",
            "action_flag": 3,
            "change_message": ""
        }
    },
    {
        "model": "admin.logentry",
        "pk": 69,
        "fields": {
            "action_time": "2023-11-08T21:44:15.252Z",
            "user": "admin",
            "content_type": 10,
            "object_id": "15",
            "object_repr": "BHOOL JAA",
            "action_flag": 3,
            "change_message": ""
        }
    },
    {
        "model": "admin.logentry",
        "pk": 70,
        "fields": {
            "action_time": "2023-11-08T21:44:15.257Z",
            "user": "admin",
            "content_type": 10,
            "object_id": "14",
            "object_repr": "BHOOL JAA",
            "action_flag": 3,
            "change_message": ""
        }
    },
    {
        "model": "admin.logentry",
        "pk": 71,
        "fields": {
            "action_time": "2023-11-08T21:44:15.265Z",
            "user": "admin",
            "content_type": 10,
            "object_id": "13",
            "object_repr": "BHOOL JAA",
            "action_flag": 3,
            "change_message": ""
        }
    },
    {
        "model": "admin.logentry",
        "pk": 72,
        "fields": {
            "action_time": "2023-11-08T21:44:15.272Z",
            "user": "admin",
            "content_type": 10,
            "object_id": "12",
            "object_repr": "BHOOL JAA",
            "action_flag": 3,
            "change_message": ""
        }
    },
    {
        "model": "admin.logentry",
        "pk": 73,
        "fields": {
            "action_time": "2023-11-08T21:44:29.869Z",
            "user": "admin",
            "content_type": 10,
            "object_id": "32",
            "object_repr": "ssfsfsf",
            "action_flag": 3,
            "change_message": ""
        }
    },
    {
        "model": "admin.logentry",
        "pk": 74,
        "fields": {
            "action_time": "2023-11-08T21:44:29.872Z",
            "user": "admin",
            "content_type": 10,
            "object_id": "22",
            "object_repr": "BHOOL JAA",
            "action_flag": 3,
            "change_message": ""
        }
    },
    {
        "model": "admin.logentry",
        "pk": 75,
        "fields": {
            "action_time": "2023-11-08T21:44:29.875Z",
            "user": "admin",
            "content_type": 10,
            "object_id": "21",
            "object_repr": "BHOOL JAA",
            "action_flag": 3,
            "change_message": ""
        }
    },
    {
        "model": "admin.logentry",
        "pk": 76,
        "fields": {
            "action_time": "2023-11-08T21:44:29.880Z",
            "user": "admin",
            "content_type": 10,
            "object_id": "11",
            "object_repr": "BHOOL JAA",
            "action_flag": 3,
            "change_message": ""
        }
    },
    {
        "model": "admin.logentry",
        "pk": 77,
        "fields": {
            "action_time": "2023-11-08T21:44:29.885Z",
            "user": "admin",
            "content_type": 10,
            "object_id": "10",
            "object_repr": "BHOOL JAA",
            "action_flag": 3,
            "change_message": ""
        }
    },
    {
        "model": "admin.logentry",
        "pk": 78,
        "fields": {
            "action_time": "2023-11-08T21:44:29.887Z",
            "user": "admin",
            "content_type": 10,
            "object_id": "9",
            "object_repr": "BHOOL JAA",
            "action_flag": 3,
            "change_message": ""
        }
    },
    {
        "model": "admin.logentry",
        "pk": 79,
        "fields": {
            "action_time": "2023-11-08T21:44:29.893Z",
            "user": "admin",
            "content_type": 10,
            "object_id": "8",
            "object_repr": "BHOOL JAA",
            "action_flag": 3,
            "change_message": ""
        }
    },
    {
        "model": "admin.logentry",
        "pk": 80,
        "fields": {
            "action_time": "2023-11-08T21:44:29.895Z",
            "user": "admin",
            "content_type": 10,
            "object_id": "7",
            "object_repr": "BHOOL JAA",
            "action_flag": 3,
            "change_message": ""
        }
    },
    {
        "model": "admin.logentry",
        "pk": 81,
        "fields": {
            "action_time": "2023-11-08T21:44:29.899Z",
            "user": "admin",
            "content_type": 10,
            "object_id": "5",
            "object_repr": "BHOOL JAA",
            "action_flag": 3,
            "change_message": ""
        }
    },
    {
        "model": "admin.logentry",
        "pk": 82,
        "fields": {
            "action_time": "2023-11-08T21:44:59.431Z",
            "user": "admin",
            "content_type": 10,
            "object_id": "35",
            "object_repr": "sdasdasdas",
            "action_flag": 3,
            "change_message": ""
        }
    },
    {
        "model": "admin.logentry",
        "pk": 83,
        "fields": {
            "action_time": "2023-11-08T21:44:59.435Z",
            "user": "admin",
            "content_type": 10,
            "object_id": "34",
            "object_repr": "ram ram ne sare ya na",
            "action_flag": 3,
            "change_message": ""
        }
    },
    {
        "model": "admin.logentry",
        "pk": 84,
        "fields": {
            "action_time": "2023-11-08T21:44:59.439Z",
            "user": "admin",
            "content_type": 10,
            "object_id": "33",
            "object_repr": "bhai ka culture",
            "action_flag": 3,
            "change_message": ""
        }
    },
    {
        "model": "admin.logentry",
        "pk": 85,
        "fields": {
            "action_time": "2023-11-08T21:44:59.445Z",
            "user": "admin",
            "content_type": 10,
            "object_id": "4",
            "object_repr": "helello",
            "action_flag": 3,
            "change_message": ""
        }
    },
    {
        "model": "admin.logentry",
        "pk": 86,
        "fields": {
            "action_time": "2023-11-08T21:44:59.449Z",
            "user": "admin",
            "content_type": 10,
            "object_id": "3",
            "object_repr": "helello",
            "action_flag": 3,
            "change_message": ""
        }
    },
    {
        "model": "admin.logentry",
        "pk": 87,
        "fields": {
            "action_time": "2023-11-08T21:44:59.453Z",
            "user": "admin",
            "content_type": 10,
            "object_id": "2",
            "object_repr": "helello",
            "action_flag": 3,
            "change_message": ""
        }
    },
    {
        "model": "admin.logentry",
        "pk": 88,
        "fields": {
            "action_time": "2023-11-08T21:44:59.457Z",
            "user": "admin",
            "content_type": 10,
            "object_id": "1",
            "object_repr": "changes name",
            "action_flag": 3,
            "change_message": ""
        }
    },
    {
        "model": "admin.logentry",
        "pk": 89,
        "fields": {
            "action_time": "2023-11-08T21:52:18.629Z",
            "user": "admin",
            "content_type": 8,
            "object_id": "lakshay",
            "object_repr": "lakshay",
            "action_flag": 2,
            "change_message": "[{\"changed\": {\"fields\": [\"Is artist\"]}}]"
        }
    },
    {
        "model": "admin.logentry",
        "pk": 90,
        "fields": {
            "action_time": "2023-11-09T05:32:25.941Z",
            "user": "admin",
            "content_type": 11,
            "object_id": "35",
            "object_repr": "deplo playlist",
            "action_flag": 2,
            "change_message": "[{\"changed\": {\"fields\": [\"Songs\"]}}]"
        }
    },
    {
        "model": "admin.logentry",
        "pk": 91,
        "fields": {
            "action_time": "2023-11-09T05:42:49.976Z",
            "user": "admin",
            "content_type": 12,
            "object_id": "1",
            "object_repr": "admin",
            "action_flag": 2,
            "change_message": "[{\"changed\": {\"fields\": [\"Song\"]}}]"
        }
    },
    {
        "model": "admin.logentry",
        "pk": 92,
        "fields": {
            "action_time": "2023-11-09T17:56:15.880Z",
            "user": "admin",
            "content_type": 16,
            "object_id": "4",
            "object_repr": "game",
            "action_flag": 3,
            "change_message": ""
        }
    },
    {
        "model": "admin.logentry",
        "pk": 93,
        "fields": {
            "action_time": "2023-11-09T17:56:15.889Z",
            "user": "admin",
            "content_type": 16,
            "object_id": "3",
            "object_repr": "game",
            "action_flag": 3,
            "change_message": ""
        }
    },
    {
        "model": "admin.logentry",
        "pk": 94,
        "fields": {
            "action_time": "2023-11-09T17:56:15.894Z",
            "user": "admin",
            "content_type": 16,
            "object_id": "2",
            "object_repr": "game",
            "action_flag": 3,
            "change_message": ""
        }
    },
    {
        "model": "admin.logentry",
        "pk": 95,
        "fields": {
            "action_time": "2023-11-09T17:56:15.901Z",
            "user": "admin",
            "content_type": 16,
            "object_id": "1",
            "object_repr": "game",
            "action_flag": 3,
            "change_message": ""
        }
    },
    {
        "model": "admin.logentry",
        "pk": 96,
        "fields": {
            "action_time": "2023-11-09T18:21:45.561Z",
            "user": "admin",
            "content_type": 10,
            "object_id": "47",
            "object_repr": "yaad aa ja",
            "action_flag": 2,
            "change_message": "[{\"changed\": {\"fields\": [\"Is private\"]}}]"
        }
    },
    {
        "model": "admin.logentry",
        "pk": 97,
        "fields": {
            "action_time": "2023-11-09T18:21:50.584Z",
            "user": "admin",
            "content_type": 10,
            "object_id": "41",
            "object_repr": "yaad aa ja",
            "action_flag": 2,
            "change_message": "[{\"changed\": {\"fields\": [\"Is private\"]}}]"
        }
    },
    {
        "model": "admin.logentry",
        "pk": 98,
        "fields": {
            "action_time": "2023-11-09T18:52:27.870Z",
            "user": "admin",
            "content_type": 10,
            "object_id": "49",
            "object_repr": "flutter",
            "action_flag": 2,
            "change_message": "[{\"changed\": {\"fields\": [\"Name\"]}}]"
        }
    },
    {
        "model": "admin.logentry",
        "pk": 99,
        "fields": {
            "action_time": "2023-11-09T18:55:42.268Z",
            "user": "admin",
            "content_type": 10,
            "object_id": "48",
            "object_repr": "fluer",
            "action_flag": 2,
            "change_message": "[{\"changed\": {\"fields\": [\"Name\"]}}]"
        }
    },
    {
        "model": "admin.logentry",
        "pk": 100,
        "fields": {
            "action_time": "2023-11-10T14:57:02.012Z",
            "user": "admin",
            "content_type": 15,
            "object_id": "2",
            "object_repr": "Neha Kakkar",
            "action_flag": 1,
            "change_message": "[{\"added\": {}}]"
        }
    },
    {
        "model": "admin.logentry",
        "pk": 101,
        "fields": {
            "action_time": "2023-11-10T14:57:10.393Z",
            "user": "admin",
            "content_type": 10,
            "object_id": "44",
            "object_repr": "yaad aa ja",
            "action_flag": 2,
            "change_message": "[{\"changed\": {\"fields\": [\"Artist\"]}}]"
        }
    },
    {
        "model": "admin.logentry",
        "pk": 102,
        "fields": {
            "action_time": "2023-11-10T14:57:16.181Z",
            "user": "admin",
            "content_type": 10,
            "object_id": "37",
            "object_repr": "BHOOL JAA",
            "action_flag": 2,
            "change_message": "[{\"changed\": {\"fields\": [\"Artist\"]}}]"
        }
    },
    {
        "model": "admin.logentry",
        "pk": 103,
        "fields": {
            "action_time": "2023-11-10T15:01:47.563Z",
            "user": "admin",
            "content_type": 10,
            "object_id": "47",
            "object_repr": "yaad aa ja",
            "action_flag": 2,
            "change_message": "[{\"changed\": {\"fields\": [\"Artist\"]}}]"
        }
    },
    {
        "model": "admin.logentry",
        "pk": 104,
        "fields": {
            "action_time": "2023-11-10T16:56:51.469Z",
            "user": "admin",
            "content_type": 12,
            "object_id": "1",
            "object_repr": "admin",
            "action_flag": 2,
            "change_message": "[{\"changed\": {\"fields\": [\"Song\"]}}]"
        }
    },
    {
        "model": "admin.logentry",
        "pk": 105,
        "fields": {
            "action_time": "2023-11-10T17:17:06.734Z",
            "user": "admin",
            "content_type": 12,
            "object_id": "1",
            "object_repr": "admin",
            "action_flag": 2,
            "change_message": "[{\"changed\": {\"fields\": [\"Song\"]}}]"
        }
    },
    {
        "model": "admin.logentry",
        "pk": 106,
        "fields": {
            "action_time": "2023-11-10T17:25:30.446Z",
            "user": "admin",
            "content_type": 11,
            "object_id": "45",
            "object_repr": "sdsd",
            "action_flag": 3,
            "change_message": ""
        }
    },
    {
        "model": "admin.logentry",
        "pk": 107,
        "fields": {
            "action_time": "2023-11-10T17:25:30.458Z",
            "user": "admin",
            "content_type": 11,
            "object_id": "44",
            "object_repr": "sdsd",
            "action_flag": 3,
            "change_message": ""
        }
    },
    {
        "model": "admin.logentry",
        "pk": 108,
        "fields": {
            "action_time": "2023-11-10T17:25:30.463Z",
            "user": "admin",
            "content_type": 11,
            "object_id": "43",
            "object_repr": "sdsd",
            "action_flag": 3,
            "change_message": ""
        }
    },
    {
        "model": "admin.logentry",
        "pk": 109,
        "fields": {
            "action_time": "2023-11-10T17:25:30.468Z",
            "user": "admin",
            "content_type": 11,
            "object_id": "42",
            "object_repr": "sdsd",
            "action_flag": 3,
            "change_message": ""
        }
    },
    {
        "model": "admin.logentry",
        "pk": 110,
        "fields": {
            "action_time": "2023-11-10T17:25:30.477Z",
            "user": "admin",
            "content_type": 11,
            "object_id": "41",
            "object_repr": "sdsd",
            "action_flag": 3,
            "change_message": ""
        }
    },
    {
        "model": "admin.logentry",
        "pk": 111,
        "fields": {
            "action_time": "2023-11-10T17:25:30.483Z",
            "user": "admin",
            "content_type": 11,
            "object_id": "40",
            "object_repr": "sdsd",
            "action_flag": 3,
            "change_message": ""
        }
    },
    {
        "model": "admin.logentry",
        "pk": 112,
        "fields": {
            "action_time": "2023-11-10T17:25:30.488Z",
            "user": "admin",
            "content_type": 11,
            "object_id": "39",
            "object_repr": "sdsd",
            "action_flag": 3,
            "change_message": ""
        }
    },
    {
        "model": "admin.logentry",
        "pk": 113,
        "fields": {
            "action_time": "2023-11-10T18:38:04.936Z",
            "user": "admin",
            "content_type": 11,
            "object_id": "47",
            "object_repr": "sdsd",
            "action_flag": 3,
            "change_message": ""
        }
    },
    {
        "model": "admin.logentry",
        "pk": 114,
        "fields": {
            "action_time": "2023-11-10T18:38:04.946Z",
            "user": "admin",
            "content_type": 11,
            "object_id": "46",
            "object_repr": "sdsd",
            "action_flag": 3,
            "change_message": ""
        }
    },
    {
        "model": "admin.logentry",
        "pk": 115,
        "fields": {
            "action_time": "2023-11-10T18:38:04.952Z",
            "user": "admin",
            "content_type": 11,
            "object_id": "38",
            "object_repr": "deplo playlist",
            "action_flag": 3,
            "change_message": ""
        }
    },
    {
        "model": "admin.logentry",
        "pk": 116,
        "fields": {
            "action_time": "2023-11-10T18:38:04.956Z",
            "user": "admin",
            "content_type": 11,
            "object_id": "37",
            "object_repr": "deplo playlist",
            "action_flag": 3,
            "change_message": ""
        }
    },
    {
        "model": "admin.logentry",
        "pk": 117,
        "fields": {
            "action_time": "2023-11-10T18:38:04.960Z",
            "user": "admin",
            "content_type": 11,
            "object_id": "36",
            "object_repr": "deplo playlist",
            "action_flag": 3,
            "change_message": ""
        }
    },
    {
        "model": "admin.logentry",
        "pk": 118,
        "fields": {
            "action_time": "2023-11-10T18:38:04.966Z",
            "user": "admin",
            "content_type": 11,
            "object_id": "35",
            "object_repr": "deplo playlist",
            "action_flag": 3,
            "change_message": ""
        }
    },
    {
        "model": "admin.logentry",
        "pk": 119,
        "fields": {
            "action_time": "2023-11-10T18:38:04.971Z",
            "user": "admin",
            "content_type": 11,
            "object_id": "34",
            "object_repr": "deplo playlist",
            "action_flag": 3,
            "change_message": ""
        }
    },
    {
        "model": "admin.logentry",
        "pk": 120,
        "fields": {
            "action_time": "2023-11-10T18:38:04.976Z",
            "user": "admin",
            "content_type": 11,
            "object_id": "33",
            "object_repr": "deplo playlist",
            "action_flag": 3,
            "change_message": ""
        }
    },
    {
        "model": "admin.logentry",
        "pk": 121,
        "fields": {
            "action_time": "2023-11-10T18:38:04.980Z",
            "user": "admin",
            "content_type": 11,
            "object_id": "32",
            "object_repr": "deplo playlist",
            "action_flag": 3,
            "change_message": ""
        }
    },
    {
        "model": "admin.logentry",
        "pk": 122,
        "fields": {
            "action_time": "2023-11-10T18:38:04.985Z",
            "user": "admin",
            "content_type": 11,
            "object_id": "31",
            "object_repr": "deplo playlist",
            "action_flag": 3,
            "change_message": ""
        }
    },
    {
        "model": "admin.logentry",
        "pk": 123,
        "fields": {
            "action_time": "2023-11-10T18:38:04.991Z",
            "user": "admin",
            "content_type": 11,
            "object_id": "30",
            "object_repr": "deplo playlist",
            "action_flag": 3,
            "change_message": ""
        }
    },
    {
        "model": "admin.logentry",
        "pk": 124,
        "fields": {
            "action_time": "2023-11-10T18:38:04.997Z",
            "user": "admin",
            "content_type": 11,
            "object_id": "29",
            "object_repr": "deplo playlist",
            "action_flag": 3,
            "change_message": ""
        }
    },
    {
        "model": "admin.logentry",
        "pk": 125,
        "fields": {
            "action_time": "2023-11-10T18:38:05.005Z",
            "user": "admin",
            "content_type": 11,
            "object_id": "28",
            "object_repr": "deplo playlist",
            "action_flag": 3,
            "change_message": ""
        }
    },
    {
        "model": "admin.logentry",
        "pk": 126,
        "fields": {
            "action_time": "2023-11-10T18:38:05.007Z",
            "user": "admin",
            "content_type": 11,
            "object_id": "27",
            "object_repr": "deplo playlist",
            "action_flag": 3,
            "change_message": ""
        }
    },
    {
        "model": "admin.logentry",
        "pk": 127,
        "fields": {
            "action_time": "2023-11-10T18:38:05.012Z",
            "user": "admin",
            "content_type": 11,
            "object_id": "26",
            "object_repr": "deplo playlist",
            "action_flag": 3,
            "change_message": ""
        }
    },
    {
        "model": "admin.logentry",
        "pk": 128,
        "fields": {
            "action_time": "2023-11-10T18:38:05.020Z",
            "user": "admin",
            "content_type": 11,
            "object_id": "25",
            "object_repr": "deplo playlist",
            "action_flag": 3,
            "change_message": ""
        }
    },
    {
        "model": "admin.logentry",
        "pk": 129,
        "fields": {
            "action_time": "2023-11-10T18:38:05.022Z",
            "user": "admin",
            "content_type": 11,
            "object_id": "24",
            "object_repr": "deplo playlist",
            "action_flag": 3,
            "change_message": ""
        }
    },
    {
        "model": "admin.logentry",
        "pk": 130,
        "fields": {
            "action_time": "2023-11-10T18:38:05.025Z",
            "user": "admin",
            "content_type": 11,
            "object_id": "23",
            "object_repr": "deplo playlist",
            "action_flag": 3,
            "change_message": ""
        }
    },
    {
        "model": "admin.logentry",
        "pk": 131,
        "fields": {
            "action_time": "2023-11-10T18:38:05.029Z",
            "user": "admin",
            "content_type": 11,
            "object_id": "22",
            "object_repr": "deplo playlist",
            "action_flag": 3,
            "change_message": ""
        }
    },
    {
        "model": "admin.logentry",
        "pk": 132,
        "fields": {
            "action_time": "2023-11-10T18:38:05.034Z",
            "user": "admin",
            "content_type": 11,
            "object_id": "21",
            "object_repr": "deplo playlist",
            "action_flag": 3,
            "change_message": ""
        }
    },
    {
        "model": "admin.logentry",
        "pk": 133,
        "fields": {
            "action_time": "2023-11-10T18:38:05.038Z",
            "user": "admin",
            "content_type": 11,
            "object_id": "20",
            "object_repr": "deplo playlist",
            "action_flag": 3,
            "change_message": ""
        }
    },
    {
        "model": "admin.logentry",
        "pk": 134,
        "fields": {
            "action_time": "2023-11-10T18:38:05.042Z",
            "user": "admin",
            "content_type": 11,
            "object_id": "19",
            "object_repr": "deplo playlist",
            "action_flag": 3,
            "change_message": ""
        }
    },
    {
        "model": "admin.logentry",
        "pk": 135,
        "fields": {
            "action_time": "2023-11-10T18:38:05.045Z",
            "user": "admin",
            "content_type": 11,
            "object_id": "18",
            "object_repr": "deplo playlist",
            "action_flag": 3,
            "change_message": ""
        }
    },
    {
        "model": "admin.logentry",
        "pk": 136,
        "fields": {
            "action_time": "2023-11-10T18:38:05.047Z",
            "user": "admin",
            "content_type": 11,
            "object_id": "17",
            "object_repr": "deplo playlist",
            "action_flag": 3,
            "change_message": ""
        }
    },
    {
        "model": "admin.logentry",
        "pk": 137,
        "fields": {
            "action_time": "2023-11-10T18:38:05.053Z",
            "user": "admin",
            "content_type": 11,
            "object_id": "16",
            "object_repr": "deplo playlist",
            "action_flag": 3,
            "change_message": ""
        }
    },
    {
        "model": "admin.logentry",
        "pk": 138,
        "fields": {
            "action_time": "2023-11-10T18:38:05.063Z",
            "user": "admin",
            "content_type": 11,
            "object_id": "15",
            "object_repr": "deplo playlist",
            "action_flag": 3,
            "change_message": ""
        }
    },
    {
        "model": "admin.logentry",
        "pk": 139,
        "fields": {
            "action_time": "2023-11-10T18:38:05.066Z",
            "user": "admin",
            "content_type": 11,
            "object_id": "14",
            "object_repr": "deplo playlist",
            "action_flag": 3,
            "change_message": ""
        }
    },
    {
        "model": "admin.logentry",
        "pk": 140,
        "fields": {
            "action_time": "2023-11-10T18:38:05.071Z",
            "user": "admin",
            "content_type": 11,
            "object_id": "13",
            "object_repr": "deplo playlist",
            "action_flag": 3,
            "change_message": ""
        }
    },
    {
        "model": "admin.logentry",
        "pk": 141,
        "fields": {
            "action_time": "2023-11-10T18:38:05.074Z",
            "user": "admin",
            "content_type": 11,
            "object_id": "12",
            "object_repr": "deplo playlist",
            "action_flag": 3,
            "change_message": ""
        }
    },
    {
        "model": "admin.logentry",
        "pk": 142,
        "fields": {
            "action_time": "2023-11-10T18:38:05.081Z",
            "user": "admin",
            "content_type": 11,
            "object_id": "11",
            "object_repr": "deplo playlist",
            "action_flag": 3,
            "change_message": ""
        }
    },
    {
        "model": "admin.logentry",
        "pk": 143,
        "fields": {
            "action_time": "2023-11-10T18:38:05.086Z",
            "user": "admin",
            "content_type": 11,
            "object_id": "10",
            "object_repr": "deplo playlist",
            "action_flag": 3,
            "change_message": ""
        }
    },
    {
        "model": "admin.logentry",
        "pk": 144,
        "fields": {
            "action_time": "2023-11-10T18:38:05.093Z",
            "user": "admin",
            "content_type": 11,
            "object_id": "9",
            "object_repr": "deplo playlist",
            "action_flag": 3,
            "change_message": ""
        }
    },
    {
        "model": "admin.logentry",
        "pk": 145,
        "fields": {
            "action_time": "2023-11-10T18:38:05.095Z",
            "user": "admin",
            "content_type": 11,
            "object_id": "8",
            "object_repr": "deplo playlist",
            "action_flag": 3,
            "change_message": ""
        }
    },
    {
        "model": "admin.logentry",
        "pk": 146,
        "fields": {
            "action_time": "2023-11-10T18:38:05.105Z",
            "user": "admin",
            "content_type": 11,
            "object_id": "7",
            "object_repr": "deplo playlist",
            "action_flag": 3,
            "change_message": ""
        }
    },
    {
        "model": "admin.logentry",
        "pk": 147,
        "fields": {
            "action_time": "2023-11-10T18:38:05.111Z",
            "user": "admin",
            "content_type": 11,
            "object_id": "6",
            "object_repr": "deplo playlist",
            "action_flag": 3,
            "change_message": ""
        }
    },
    {
        "model": "admin.logentry",
        "pk": 148,
        "fields": {
            "action_time": "2023-11-10T18:38:05.118Z",
            "user": "admin",
            "content_type": 11,
            "object_id": "5",
            "object_repr": "deplo playlist",
            "action_flag": 3,
            "change_message": ""
        }
    },
    {
        "model": "admin.logentry",
        "pk": 149,
        "fields": {
            "action_time": "2023-11-10T18:38:05.121Z",
            "user": "admin",
            "content_type": 11,
            "object_id": "1",
            "object_repr": "update ho gyi",
            "action_flag": 3,
            "change_message": ""
        }
    },
    {
        "model": "admin.logentry",
        "pk": 150,
        "fields": {
            "action_time": "2023-11-10T18:38:23.052Z",
            "user": "admin",
            "content_type": 10,
            "object_id": "49",
            "object_repr": "flutter",
            "action_flag": 3,
            "change_message": ""
        }
    },
    {
        "model": "admin.logentry",
        "pk": 151,
        "fields": {
            "action_time": "2023-11-10T18:38:23.058Z",
            "user": "admin",
            "content_type": 10,
            "object_id": "48",
            "object_repr": "fluer",
            "action_flag": 3,
            "change_message": ""
        }
    },
    {
        "model": "admin.logentry",
        "pk": 152,
        "fields": {
            "action_time": "2023-11-10T18:38:23.061Z",
            "user": "admin",
            "content_type": 10,
            "object_id": "47",
            "object_repr": "yaad aa ja",
            "action_flag": 3,
            "change_message": ""
        }
    },
    {
        "model": "admin.logentry",
        "pk": 153,
        "fields": {
            "action_time": "2023-11-10T18:38:23.066Z",
            "user": "admin",
            "content_type": 10,
            "object_id": "46",
            "object_repr": "yaad aa ja",
            "action_flag": 3,
            "change_message": ""
        }
    },
    {
        "model": "admin.logentry",
        "pk": 154,
        "fields": {
            "action_time": "2023-11-10T18:38:23.072Z",
            "user": "admin",
            "content_type": 10,
            "object_id": "45",
            "object_repr": "yaad aa ja",
            "action_flag": 3,
            "change_message": ""
        }
    },
    {
        "model": "admin.logentry",
        "pk": 155,
        "fields": {
            "action_time": "2023-11-10T18:38:23.076Z",
            "user": "admin",
            "content_type": 10,
            "object_id": "44",
            "object_repr": "yaad aa ja",
            "action_flag": 3,
            "change_message": ""
        }
    },
    {
        "model": "admin.logentry",
        "pk": 156,
        "fields": {
            "action_time": "2023-11-10T18:38:23.080Z",
            "user": "admin",
            "content_type": 10,
            "object_id": "43",
            "object_repr": "yaad aa ja",
            "action_flag": 3,
            "change_message": ""
        }
    },
    {
        "model": "admin.logentry",
        "pk": 157,
        "fields": {
            "action_time": "2023-11-10T18:38:23.083Z",
            "user": "admin",
            "content_type": 10,
            "object_id": "42",
            "object_repr": "yaad aa ja",
            "action_flag": 3,
            "change_message": ""
        }
    },
    {
        "model": "admin.logentry",
        "pk": 158,
        "fields": {
            "action_time": "2023-11-10T18:38:23.086Z",
            "user": "admin",
            "content_type": 10,
            "object_id": "41",
            "object_repr": "yaad aa ja",
            "action_flag": 3,
            "change_message": ""
        }
    },
    {
        "model": "admin.logentry",
        "pk": 159,
        "fields": {
            "action_time": "2023-11-10T18:38:23.091Z",
            "user": "admin",
            "content_type": 10,
            "object_id": "40",
            "object_repr": "BHOOL JAA",
            "action_flag": 3,
            "change_message": ""
        }
    },
    {
        "model": "admin.logentry",
        "pk": 160,
        "fields": {
            "action_time": "2023-11-10T18:38:23.095Z",
            "user": "admin",
            "content_type": 10,
            "object_id": "39",
            "object_repr": "BHOOL JAA",
            "action_flag": 3,
            "change_message": ""
        }
    },
    {
        "model": "admin.logentry",
        "pk": 161,
        "fields": {
            "action_time": "2023-11-10T18:38:23.099Z",
            "user": "admin",
            "content_type": 10,
            "object_id": "38",
            "object_repr": "BHOOL JAA",
            "action_flag": 3,
            "change_message": ""
        }
    },
    {
        "model": "admin.logentry",
        "pk": 162,
        "fields": {
            "action_time": "2023-11-10T18:38:23.104Z",
            "user": "admin",
            "content_type": 10,
            "object_id": "37",
            "object_repr": "BHOOL JAA",
            "action_flag": 3,
            "change_message": ""
        }
    },
    {
        "model": "admin.logentry",
        "pk": 163,
        "fields": {
            "action_time": "2023-11-10T18:38:23.109Z",
            "user": "admin",
            "content_type": 10,
            "object_id": "36",
            "object_repr": "BHOOL JAA",
            "action_flag": 3,
            "change_message": ""
        }
    },
    {
        "model": "admin.logentry",
        "pk": 164,
        "fields": {
            "action_time": "2023-11-10T18:38:39.522Z",
            "user": "admin",
            "content_type": 9,
            "object_id": "4",
            "object_repr": "sjcsjnjjnjcs",
            "action_flag": 3,
            "change_message": ""
        }
    },
    {
        "model": "admin.logentry",
        "pk": 165,
        "fields": {
            "action_time": "2023-11-10T18:38:39.534Z",
            "user": "admin",
            "content_type": 9,
            "object_id": "3",
            "object_repr": "tamil",
            "action_flag": 3,
            "change_message": ""
        }
    },
    {
        "model": "admin.logentry",
        "pk": 166,
        "fields": {
            "action_time": "2023-11-10T18:38:46.413Z",
            "user": "admin",
            "content_type": 9,
            "object_id": "5",
            "object_repr": "haryanvi",
            "action_flag": 1,
            "change_message": "[{\"added\": {}}]"
        }
    },
    {
        "model": "admin.logentry",
        "pk": 167,
        "fields": {
            "action_time": "2023-11-10T18:38:54.330Z",
            "user": "admin",
            "content_type": 13,
            "object_id": "3",
            "object_repr": "bhai ka culture",
            "action_flag": 3,
            "change_message": ""
        }
    },
    {
        "model": "admin.logentry",
        "pk": 168,
        "fields": {
            "action_time": "2023-11-10T18:39:29.636Z",
            "user": "admin",
            "content_type": 8,
            "object_id": "hello",
            "object_repr": "hello",
            "action_flag": 3,
            "change_message": ""
        }
    },
    {
        "model": "admin.logentry",
        "pk": 169,
        "fields": {
            "action_time": "2023-11-10T18:39:29.651Z",
            "user": "admin",
            "content_type": 8,
            "object_id": "asdasd",
            "object_repr": "asdasd",
            "action_flag": 3,
            "change_message": ""
        }
    },
    {
        "model": "admin.logentry",
        "pk": 170,
        "fields": {
            "action_time": "2023-11-10T18:39:29.659Z",
            "user": "admin",
            "content_type": 8,
            "object_id": "adminkabaap",
            "object_repr": "adminkabaap",
            "action_flag": 3,
            "change_message": ""
        }
    },
    {
        "model": "admin.logentry",
        "pk": 171,
        "fields": {
            "action_time": "2023-11-10T18:42:03.620Z",
            "user": "admin",
            "content_type": 15,
            "object_id": "3",
            "object_repr": "Badshah",
            "action_flag": 1,
            "change_message": "[{\"added\": {}}]"
        }
    },
    {
        "model": "admin.logentry",
        "pk": 172,
        "fields": {
            "action_time": "2023-11-10T18:46:21.665Z",
            "user": "admin",
            "content_type": 15,
            "object_id": "1",
            "object_repr": "Arijit Singh",
            "action_flag": 2,
            "change_message": "[{\"changed\": {\"fields\": [\"Name\"]}}]"
        }
    },
    {
        "model": "admin.logentry",
        "pk": 173,
        "fields": {
            "action_time": "2023-11-10T18:46:48.973Z",
            "user": "admin",
            "content_type": 15,
            "object_id": "4",
            "object_repr": "Dhvani Bhanushali",
            "action_flag": 1,
            "change_message": "[{\"added\": {}}]"
        }
    },
    {
        "model": "admin.logentry",
        "pk": 174,
        "fields": {
            "action_time": "2023-11-10T18:46:59.570Z",
            "user": "admin",
            "content_type": 15,
            "object_id": "5",
            "object_repr": "Darshan Raval",
            "action_flag": 1,
            "change_message": "[{\"added\": {}}]"
        }
    },
    {
        "model": "admin.logentry",
        "pk": 175,
        "fields": {
            "action_time": "2023-11-10T18:47:01.631Z",
            "user": "admin",
            "content_type": 15,
            "object_id": "5",
            "object_repr": "Darshan Raval",
            "action_flag": 2,
            "change_message": "[]"
        }
    },
    {
        "model": "admin.logentry",
        "pk": 176,
        "fields": {
            "action_time": "2023-11-10T18:47:08.726Z",
            "user": "admin",
            "content_type": 15,
            "object_id": "6",
            "object_repr": "Honey Singh",
            "action_flag": 1,
            "change_message": "[{\"added\": {}}]"
        }
    },
    {
        "model": "admin.logentry",
        "pk": 177,
        "fields": {
            "action_time": "2023-11-10T18:47:25.067Z",
            "user": "admin",
            "content_type": 9,
            "object_id": "6",
            "object_repr": "punjabi",
            "action_flag": 1,
            "change_message": "[{\"added\": {}}]"
        }
    },
    {
        "model": "admin.logentry",
        "pk": 178,
        "fields": {
            "action_time": "2023-11-10T18:48:13.404Z",
            "user": "admin",
            "content_type": 15,
            "object_id": "4",
            "object_repr": "Dhvani Bhanushali",
            "action_flag": 2,
            "change_message": "[]"
        }
    },
    {
        "model": "admin.logentry",
        "pk": 179,
        "fields": {
            "action_time": "2023-11-10T18:55:47.106Z",
            "user": "admin",
            "content_type": 9,
            "object_id": "6",
            "object_repr": "Punjabi",
            "action_flag": 2,
            "change_message": "[{\"changed\": {\"fields\": [\"Name\"]}}]"
        }
    },
    {
        "model": "admin.logentry",
        "pk": 180,
        "fields": {
            "action_time": "2023-11-10T18:55:52.022Z",
            "user": "admin",
            "content_type": 9,
            "object_id": "5",
            "object_repr": "Haryanvi",
            "action_flag": 2,
            "change_message": "[{\"changed\": {\"fields\": [\"Name\"]}}]"
        }
    },
    {
        "model": "admin.logentry",
        "pk": 181,
        "fields": {
            "action_time": "2023-11-10T18:55:56.945Z",
            "user": "admin",
            "content_type": 9,
            "object_id": "2",
            "object_repr": "Hindi",
            "action_flag": 2,
            "change_message": "[{\"changed\": {\"fields\": [\"Name\"]}}]"
        }
    },
    {
        "model": "admin.logentry",
        "pk": 182,
        "fields": {
            "action_time": "2023-11-10T18:56:01.179Z",
            "user": "admin",
            "content_type": 9,
            "object_id": "1",
            "object_repr": "English",
            "action_flag": 2,
            "change_message": "[{\"changed\": {\"fields\": [\"Name\"]}}]"
        }
    },
    {
        "model": "admin.logentry",
        "pk": 183,
        "fields": {
            "action_time": "2023-11-10T18:56:26.847Z",
            "user": "admin",
            "content_type": 13,
            "object_id": "4",
            "object_repr": "pop",
            "action_flag": 1,
            "change_message": "[{\"added\": {}}]"
        }
    },
    {
        "model": "admin.logentry",
        "pk": 184,
        "fields": {
            "action_time": "2023-11-10T18:56:34.630Z",
            "user": "admin",
            "content_type": 13,
            "object_id": "4",
            "object_repr": "pop",
            "action_flag": 3,
            "change_message": ""
        }
    },
    {
        "model": "admin.logentry",
        "pk": 185,
        "fields": {
            "action_time": "2023-11-10T19:03:51.244Z",
            "user": "admin",
            "content_type": 10,
            "object_id": "53",
            "object_repr": "ABCD SONG",
            "action_flag": 3,
            "change_message": ""
        }
    },
    {
        "model": "admin.logentry",
        "pk": 186,
        "fields": {
            "action_time": "2023-11-10T19:04:24.133Z",
            "user": "admin",
            "content_type": 10,
            "object_id": "52",
            "object_repr": "Aata Majhi Satakli",
            "action_flag": 3,
            "change_message": ""
        }
    },
    {
        "model": "admin.logentry",
        "pk": 187,
        "fields": {
            "action_time": "2023-11-10T19:04:24.142Z",
            "user": "admin",
            "content_type": 10,
            "object_id": "51",
            "object_repr": "Aashke",
            "action_flag": 3,
            "change_message": ""
        }
    },
    {
        "model": "admin.logentry",
        "pk": 188,
        "fields": {
            "action_time": "2023-11-10T19:15:04.162Z",
            "user": "admin",
            "content_type": 10,
            "object_id": "57",
            "object_repr": "Angreji Beat",
            "action_flag": 2,
            "change_message": "[{\"changed\": {\"fields\": [\"Language\"]}}]"
        }
    },
    {
        "model": "admin.logentry",
        "pk": 189,
        "fields": {
            "action_time": "2023-11-10T19:58:52.123Z",
            "user": "admin",
            "content_type": 10,
            "object_id": "58",
            "object_repr": "Blue Eyes",
            "action_flag": 2,
            "change_message": "[{\"changed\": {\"fields\": [\"Language\"]}}]"
        }
    },
    {
        "model": "admin.logentry",
        "pk": 190,
        "fields": {
            "action_time": "2023-11-11T05:13:32.057Z",
            "user": "admin",
            "content_type": 11,
            "object_id": "48",
            "object_repr": "sdsd",
            "action_flag": 2,
            "change_message": "[{\"changed\": {\"fields\": [\"Songs\"]}}]"
        }
    },
    {
        "model": "admin.logentry",
        "pk": 191,
        "fields": {
            "action_time": "2023-11-11T05:14:09.001Z",
            "user": "admin",
            "content_type": 12,
            "object_id": "1",
            "object_repr": "admin",
            "action_flag": 2,
            "change_message": "[{\"changed\": {\"fields\": [\"Song\"]}}]"
        }
    },
    {
        "model": "admin.logentry",
        "pk": 192,
        "fields": {
            "action_time": "2023-11-11T05:14:19.137Z",
            "user": "admin",
            "content_type": 12,
            "object_id": "2",
            "object_repr": "lakshay",
            "action_flag": 2,
            "change_message": "[{\"changed\": {\"fields\": [\"Song\"]}}]"
        }
    },
    {
        "model": "admin.logentry",
        "pk": 193,
        "fields": {
            "action_time": "2023-11-11T05:16:16.554Z",
            "user": "admin",
            "content_type": 12,
            "object_id": "1",
            "object_repr": "admin",
            "action_flag": 2,
            "change_message": "[{\"changed\": {\"fields\": [\"Song\"]}}]"
        }
    },
    {
        "model": "admin.logentry",
        "pk": 194,
        "fields": {
            "action_time": "2023-11-12T20:43:40.164Z",
            "user": "admin",
            "content_type": 10,
            "object_id": "75",
            "object_repr": "Baby I",
            "action_flag": 3,
            "change_message": ""
        }
    },
    {
        "model": "admin.logentry",
        "pk": 195,
        "fields": {
            "action_time": "2023-11-12T21:55:22.119Z",
            "user": "admin",
            "content_type": 10,
            "object_id": "50",
            "object_repr": "Aankhon Aankhon",
            "action_flag": 2,
            "change_message": "[{\"changed\": {\"fields\": [\"Artist\"]}}]"
        }
    },
    {
        "model": "admin.logentry",
        "pk": 196,
        "fields": {
            "action_time": "2023-11-12T21:55:36.786Z",
            "user": "admin",
            "content_type": 10,
            "object_id": "50",
            "object_repr": "Aankhon Aankhon",
            "action_flag": 2,
            "change_message": "[{\"changed\": {\"fields\": [\"Artist\"]}}]"
        }
    },
    {
        "model": "admin.logentry",
        "pk": 197,
        "fields": {
            "action_time": "2023-11-12T22:05:02.629Z",
            "user": "admin",
            "content_type": 10,
            "object_id": "55",
            "object_repr": "Aata Majhi Satakli",
            "action_flag": 3,
            "change_message": ""
        }
    },
    {
        "model": "admin.logentry",
        "pk": 198,
        "fields": {
            "action_time": "2023-11-13T17:11:52.244Z",
            "user": "admin",
            "content_type": 12,
            "object_id": "1",
            "object_repr": "admin",
            "action_flag": 2,
            "change_message": "[{\"changed\": {\"fields\": [\"Artist\"]}}]"
        }
    },
    {
        "model": "admin.logentry",
        "pk": 199,
        "fields": {
            "action_time": "2023-11-13T17:11:56.988Z",
            "user": "admin",
            "content_type": 12,
            "object_id": "2",
            "object_repr": "lakshay",
            "action_flag": 2,
            "change_message": "[]"
        }
    },
    {
        "model": "admin.logentry",
        "pk": 200,
        "fields": {
            "action_time": "2023-11-16T13:12:27.798Z",
            "user": "admin",
            "content_type": 11,
            "object_id": "48",
            "object_repr": "sdsd",
            "action_flag": 2,
            "change_message": "[{\"changed\": {\"fields\": [\"Uploader\"]}}]"
        }
    },
    {
        "model": "admin.logentry",
        "pk": 201,
        "fields": {
            "action_time": "2023-11-16T13:12:59.776Z",
            "user": "admin",
            "content_type": 11,
            "object_id": "49",
            "object_repr": "sdsd",
            "action_flag": 2,
            "change_message": "[{\"changed\": {\"fields\": [\"Uploader\"]}}]"
        }
    },
    {
        "model": "admin.logentry",
        "pk": 202,
        "fields": {
            "action_time": "2023-11-16T13:17:29.176Z",
            "user": "admin",
            "content_type": 11,
            "object_id": "49",
            "object_repr": "update ho gyi",
            "action_flag": 2,
            "change_message": "[{\"changed\": {\"fields\": [\"Songs\"]}}]"
        }
    },
    {
        "model": "admin.logentry",
        "pk": 203,
        "fields": {
            "action_time": "2023-11-16T13:19:42.933Z",
            "user": "admin",
            "content_type": 11,
            "object_id": "49",
            "object_repr": "update ho gyi",
            "action_flag": 2,
            "change_message": "[{\"changed\": {\"fields\": [\"Uploader\"]}}]"
        }
    },
    {
        "model": "admin.logentry",
        "pk": 204,
        "fields": {
            "action_time": "2023-11-16T13:23:49.702Z",
            "user": "admin",
            "content_type": 11,
            "object_id": "49",
            "object_repr": "update ho gyi",
            "action_flag": 2,
            "change_message": "[]"
        }
    },
    {
        "model": "admin.logentry",
        "pk": 205,
        "fields": {
            "action_time": "2023-11-16T17:29:25.710Z",
            "user": "admin",
            "content_type": 10,
            "object_id": "50",
            "object_repr": "Aankhon Aankhon",
            "action_flag": 2,
            "change_message": "[{\"changed\": {\"fields\": [\"Uploader\"]}}]"
        }
    },
    {
        "model": "admin.logentry",
        "pk": 206,
        "fields": {
            "action_time": "2023-11-16T17:29:38.197Z",
            "user": "admin",
            "content_type": 10,
            "object_id": "54",
            "object_repr": "Aashke",
            "action_flag": 2,
            "change_message": "[{\"changed\": {\"fields\": [\"Uploader\"]}}]"
        }
    },
    {
        "model": "admin.logentry",
        "pk": 207,
        "fields": {
            "action_time": "2023-11-16T17:29:48.007Z",
            "user": "admin",
            "content_type": 10,
            "object_id": "56",
            "object_repr": "ABCD Song",
            "action_flag": 2,
            "change_message": "[{\"changed\": {\"fields\": [\"Uploader\"]}}]"
        }
    },
    {
        "model": "admin.logentry",
        "pk": 208,
        "fields": {
            "action_time": "2023-11-16T17:29:57.482Z",
            "user": "admin",
            "content_type": 10,
            "object_id": "57",
            "object_repr": "Angreji Beat",
            "action_flag": 2,
            "change_message": "[{\"changed\": {\"fields\": [\"Uploader\"]}}]"
        }
    },
    {
        "model": "admin.logentry",
        "pk": 209,
        "fields": {
            "action_time": "2023-11-16T17:30:08.755Z",
            "user": "admin",
            "content_type": 10,
            "object_id": "58",
            "object_repr": "Blue Eyes",
            "action_flag": 2,
            "change_message": "[{\"changed\": {\"fields\": [\"Uploader\"]}}]"
        }
    },
    {
        "model": "admin.logentry",
        "pk": 210,
        "fields": {
            "action_time": "2023-11-16T17:30:17.705Z",
            "user": "admin",
            "content_type": 10,
            "object_id": "59",
            "object_repr": "Brown Rang",
            "action_flag": 2,
            "change_message": "[{\"changed\": {\"fields\": [\"Uploader\"]}}]"
        }
    },
    {
        "model": "admin.logentry",
        "pk": 211,
        "fields": {
            "action_time": "2023-11-16T17:30:26.509Z",
            "user": "admin",
            "content_type": 10,
            "object_id": "60",
            "object_repr": "Brown Rang",
            "action_flag": 2,
            "change_message": "[{\"changed\": {\"fields\": [\"Uploader\"]}}]"
        }
    },
    {
        "model": "admin.logentry",
        "pk": 212,
        "fields": {
            "action_time": "2023-11-16T17:30:37.408Z",
            "user": "admin",
            "content_type": 10,
            "object_id": "61",
            "object_repr": "Kanta Laga",
            "action_flag": 2,
            "change_message": "[{\"changed\": {\"fields\": [\"Uploader\"]}}]"
        }
    },
    {
        "model": "admin.logentry",
        "pk": 213,
        "fields": {
            "action_time": "2023-11-16T17:35:40.983Z",
            "user": "admin",
            "content_type": 10,
            "object_id": "62",
            "object_repr": "Bol",
            "action_flag": 2,
            "change_message": "[{\"changed\": {\"fields\": [\"Uploader\"]}}]"
        }
    },
    {
        "model": "admin.logentry",
        "pk": 214,
        "fields": {
            "action_time": "2023-11-16T17:37:08.152Z",
            "user": "admin",
            "content_type": 10,
            "object_id": "64",
            "object_repr": "FairPlay Anthem",
            "action_flag": 2,
            "change_message": "[{\"changed\": {\"fields\": [\"Uploader\"]}}]"
        }
    },
    {
        "model": "admin.logentry",
        "pk": 215,
        "fields": {
            "action_time": "2023-11-16T17:37:17.347Z",
            "user": "admin",
            "content_type": 10,
            "object_id": "65",
            "object_repr": "Let it Flow",
            "action_flag": 2,
            "change_message": "[{\"changed\": {\"fields\": [\"Uploader\"]}}]"
        }
    },
    {
        "model": "admin.logentry",
        "pk": 216,
        "fields": {
            "action_time": "2023-11-16T17:38:03.479Z",
            "user": "admin",
            "content_type": 10,
            "object_id": "66",
            "object_repr": "nasha",
            "action_flag": 2,
            "change_message": "[{\"changed\": {\"fields\": [\"Uploader\"]}}]"
        }
    },
    {
        "model": "admin.logentry",
        "pk": 217,
        "fields": {
            "action_time": "2023-11-16T17:38:13.523Z",
            "user": "admin",
            "content_type": 10,
            "object_id": "67",
            "object_repr": "Khali bottle mein sharab",
            "action_flag": 2,
            "change_message": "[{\"changed\": {\"fields\": [\"Uploader\"]}}]"
        }
    },
    {
        "model": "admin.logentry",
        "pk": 218,
        "fields": {
            "action_time": "2023-11-16T17:38:21.845Z",
            "user": "admin",
            "content_type": 10,
            "object_id": "68",
            "object_repr": "Play date",
            "action_flag": 2,
            "change_message": "[{\"changed\": {\"fields\": [\"Uploader\"]}}]"
        }
    },
    {
        "model": "admin.logentry",
        "pk": 219,
        "fields": {
            "action_time": "2023-11-16T17:38:31.059Z",
            "user": "admin",
            "content_type": 10,
            "object_id": "69",
            "object_repr": "Carried Away",
            "action_flag": 2,
            "change_message": "[{\"changed\": {\"fields\": [\"Uploader\"]}}]"
        }
    },
    {
        "model": "admin.logentry",
        "pk": 220,
        "fields": {
            "action_time": "2023-11-16T17:38:48.185Z",
            "user": "admin",
            "content_type": 10,
            "object_id": "70",
            "object_repr": "Arcade",
            "action_flag": 2,
            "change_message": "[{\"changed\": {\"fields\": [\"Uploader\"]}}]"
        }
    },
    {
        "model": "admin.logentry",
        "pk": 221,
        "fields": {
            "action_time": "2023-11-16T17:38:56.959Z",
            "user": "admin",
            "content_type": 10,
            "object_id": "71",
            "object_repr": "On My Way",
            "action_flag": 2,
            "change_message": "[{\"changed\": {\"fields\": [\"Uploader\"]}}]"
        }
    },
    {
        "model": "admin.logentry",
        "pk": 222,
        "fields": {
            "action_time": "2023-11-16T17:39:35.791Z",
            "user": "admin",
            "content_type": 10,
            "object_id": "72",
            "object_repr": "Let me Down SLowly",
            "action_flag": 2,
            "change_message": "[{\"changed\": {\"fields\": [\"Uploader\"]}}]"
        }
    },
    {
        "model": "admin.logentry",
        "pk": 223,
        "fields": {
            "action_time": "2023-11-16T17:40:03.220Z",
            "user": "admin",
            "content_type": 10,
            "object_id": "73",
            "object_repr": "Lovely",
            "action_flag": 2,
            "change_message": "[{\"changed\": {\"fields\": [\"Uploader\"]}}]"
        }
    },
    {
        "model": "admin.logentry",
        "pk": 224,
        "fields": {
            "action_time": "2023-11-16T17:40:12.135Z",
            "user": "admin",
            "content_type": 10,
            "object_id": "74",
            "object_repr": "Unstoppable",
            "action_flag": 2,
            "change_message": "[{\"changed\": {\"fields\": [\"Uploader\"]}}]"
        }
    },
    {
        "model": "admin.logentry",
        "pk": 225,
        "fields": {
            "action_time": "2023-11-16T17:40:24.591Z",
            "user": "admin",
            "content_type": 10,
            "object_id": "76",
            "object_repr": "Baby I",
            "action_flag": 2,
            "change_message": "[{\"changed\": {\"fields\": [\"Uploader\"]}}]"
        }
    },
    {
        "model": "admin.logentry",
        "pk": 226,
        "fields": {
            "action_time": "2023-11-16T18:33:42.379Z",
            "user": "admin",
            "content_type": 17,
            "object_id": "1",
            "object_repr": "lakshay - None - 2023-11-16 18:27:50.324579+00:00",
            "action_flag": 3,
            "change_message": ""
        }
    },
    {
        "model": "admin.logentry",
        "pk": 227,
        "fields": {
            "action_time": "2023-11-18T07:04:52.160Z",
            "user": "admin",
            "content_type": 12,
            "object_id": "1",
            "object_repr": "admin",
            "action_flag": 2,
            "change_message": "[{\"changed\": {\"fields\": [\"Artist\"]}}]"
        }
    },
    {
        "model": "admin.logentry",
        "pk": 228,
        "fields": {
            "action_time": "2023-11-18T07:10:20.245Z",
            "user": "admin",
            "content_type": 15,
            "object_id": "1",
            "object_repr": "Arijit Singh",
            "action_flag": 2,
            "change_message": "[{\"changed\": {\"fields\": [\"Thumbnail url\"]}}]"
        }
    },
    {
        "model": "admin.logentry",
        "pk": 229,
        "fields": {
            "action_time": "2023-11-18T07:10:59.760Z",
            "user": "admin",
            "content_type": 15,
            "object_id": "2",
            "object_repr": "Neha Kakkar",
            "action_flag": 2,
            "change_message": "[{\"changed\": {\"fields\": [\"Thumbnail url\"]}}]"
        }
    },
    {
        "model": "admin.logentry",
        "pk": 230,
        "fields": {
            "action_time": "2023-11-18T07:11:24.235Z",
            "user": "admin",
            "content_type": 15,
            "object_id": "3",
            "object_repr": "Badshah",
            "action_flag": 2,
            "change_message": "[{\"changed\": {\"fields\": [\"Thumbnail url\"]}}]"
        }
    },
    {
        "model": "admin.logentry",
        "pk": 231,
        "fields": {
            "action_time": "2023-11-18T07:12:12.294Z",
            "user": "admin",
            "content_type": 15,
            "object_id": "4",
            "object_repr": "Dhvani Bhanushali",
            "action_flag": 2,
            "change_message": "[{\"changed\": {\"fields\": [\"Thumbnail url\"]}}]"
        }
    },
    {
        "model": "admin.logentry",
        "pk": 232,
        "fields": {
            "action_time": "2023-11-18T07:13:10.254Z",
            "user": "admin",
            "content_type": 15,
            "object_id": "5",
            "object_repr": "Darshan Raval",
            "action_flag": 2,
            "change_message": "[{\"changed\": {\"fields\": [\"Thumbnail url\"]}}]"
        }
    },
    {
        "model": "admin.logentry",
        "pk": 233,
        "fields": {
            "action_time": "2023-11-18T07:13:31.827Z",
            "user": "admin",
            "content_type": 15,
            "object_id": "6",
            "object_repr": "Honey Singh",
            "action_flag": 2,
            "change_message": "[{\"changed\": {\"fields\": [\"Thumbnail url\"]}}]"
        }
    },
    {
        "model": "admin.logentry",
        "pk": 234,
        "fields": {
            "action_time": "2023-11-18T11:36:08.544Z",
            "user": "admin",
            "content_type": 16,
            "object_id": "7",
            "object_repr": "",
            "action_flag": 3,
            "change_message": ""
        }
    },
    {
        "model": "admin.logentry",
        "pk": 235,
        "fields": {
            "action_time": "2023-11-18T11:36:08.559Z",
            "user": "admin",
            "content_type": 16,
            "object_id": "6",
            "object_repr": "",
            "action_flag": 3,
            "change_message": ""
        }
    },
    {
        "model": "admin.logentry",
        "pk": 236,
        "fields": {
            "action_time": "2023-11-18T11:43:28.527Z",
            "user": "admin",
            "content_type": 18,
            "object_id": "1",
            "object_repr": "admin",
            "action_flag": 2,
            "change_message": "[]"
        }
    },
    {
        "model": "admin.logentry",
        "pk": 237,
        "fields": {
            "action_time": "2023-11-23T03:20:37.397Z",
            "user": "admin",
            "content_type": 16,
            "object_id": "8",
            "object_repr": "8",
            "action_flag": 2,
            "change_message": "[{\"changed\": {\"fields\": [\"Option3\", \"Option4\"]}}]"
        }
    },
    {
        "model": "admin.logentry",
        "pk": 238,
        "fields": {
            "action_time": "2023-11-23T03:20:44.562Z",
            "user": "admin",
            "content_type": 16,
            "object_id": "5",
            "object_repr": "5",
            "action_flag": 3,
            "change_message": ""
        }
    },
    {
        "model": "admin.logentry",
        "pk": 239,
        "fields": {
            "action_time": "2023-11-23T03:24:57.150Z",
            "user": "admin",
            "content_type": 10,
            "object_id": "77",
            "object_repr": "Baby I",
            "action_flag": 3,
            "change_message": ""
        }
    },
    {
        "model": "admin.logentry",
        "pk": 240,
        "fields": {
            "action_time": "2023-11-23T03:25:56.540Z",
            "user": "admin",
            "content_type": 10,
            "object_id": "60",
            "object_repr": "Mehrama",
            "action_flag": 2,
            "change_message": "[{\"changed\": {\"fields\": [\"Name\"]}}]"
        }
    },
    {
        "model": "admin.logentry",
        "pk": 241,
        "fields": {
            "action_time": "2023-11-23T03:35:15.242Z",
            "user": "admin",
            "content_type": 10,
            "object_id": "78",
            "object_repr": "Baby I",
            "action_flag": 3,
            "change_message": ""
        }
    },
    {
        "model": "admin.logentry",
        "pk": 242,
        "fields": {
            "action_time": "2023-11-23T05:09:34.327Z",
            "user": "admin",
            "content_type": 11,
            "object_id": "51",
            "object_repr": "Wanderlust",
            "action_flag": 1,
            "change_message": "[{\"added\": {}}]"
        }
    },
    {
        "model": "admin.logentry",
        "pk": 243,
        "fields": {
            "action_time": "2023-11-23T05:10:17.052Z",
            "user": "admin",
            "content_type": 11,
            "object_id": "52",
            "object_repr": "Havanna",
            "action_flag": 1,
            "change_message": "[{\"added\": {}}]"
        }
    },
    {
        "model": "admin.logentry",
        "pk": 244,
        "fields": {
            "action_time": "2023-11-23T05:10:39.325Z",
            "user": "admin",
            "content_type": 11,
            "object_id": "53",
            "object_repr": "Solitude",
            "action_flag": 1,
            "change_message": "[{\"added\": {}}]"
        }
    },
    {
        "model": "admin.logentry",
        "pk": 245,
        "fields": {
            "action_time": "2023-11-23T05:36:07.668Z",
            "user": "admin",
            "content_type": 12,
            "object_id": "2",
            "object_repr": "lakshay",
            "action_flag": 2,
            "change_message": "[{\"changed\": {\"fields\": [\"Artist\"]}}]"
        }
    },
    {
        "model": "admin.logentry",
        "pk": 246,
        "fields": {
            "action_time": "2023-11-23T05:36:14.041Z",
            "user": "admin",
            "content_type": 12,
            "object_id": "1",
            "object_repr": "admin",
            "action_flag": 2,
            "change_message": "[]"
        }
    },
    {
        "model": "auth.permission",
        "pk": 1,
        "fields": {
            "name": "Can add log entry",
            "content_type": 1,
            "codename": "add_logentry"
        }
    },
    {
        "model": "auth.permission",
        "pk": 2,
        "fields": {
            "name": "Can change log entry",
            "content_type": 1,
            "codename": "change_logentry"
        }
    },
    {
        "model": "auth.permission",
        "pk": 3,
        "fields": {
            "name": "Can delete log entry",
            "content_type": 1,
            "codename": "delete_logentry"
        }
    },
    {
        "model": "auth.permission",
        "pk": 4,
        "fields": {
            "name": "Can view log entry",
            "content_type": 1,
            "codename": "view_logentry"
        }
    },
    {
        "model": "auth.permission",
        "pk": 5,
        "fields": {
            "name": "Can add permission",
            "content_type": 2,
            "codename": "add_permission"
        }
    },
    {
        "model": "auth.permission",
        "pk": 6,
        "fields": {
            "name": "Can change permission",
            "content_type": 2,
            "codename": "change_permission"
        }
    },
    {
        "model": "auth.permission",
        "pk": 7,
        "fields": {
            "name": "Can delete permission",
            "content_type": 2,
            "codename": "delete_permission"
        }
    },
    {
        "model": "auth.permission",
        "pk": 8,
        "fields": {
            "name": "Can view permission",
            "content_type": 2,
            "codename": "view_permission"
        }
    },
    {
        "model": "auth.permission",
        "pk": 9,
        "fields": {
            "name": "Can add group",
            "content_type": 3,
            "codename": "add_group"
        }
    },
    {
        "model": "auth.permission",
        "pk": 10,
        "fields": {
            "name": "Can change group",
            "content_type": 3,
            "codename": "change_group"
        }
    },
    {
        "model": "auth.permission",
        "pk": 11,
        "fields": {
            "name": "Can delete group",
            "content_type": 3,
            "codename": "delete_group"
        }
    },
    {
        "model": "auth.permission",
        "pk": 12,
        "fields": {
            "name": "Can view group",
            "content_type": 3,
            "codename": "view_group"
        }
    },
    {
        "model": "auth.permission",
        "pk": 13,
        "fields": {
            "name": "Can add content type",
            "content_type": 4,
            "codename": "add_contenttype"
        }
    },
    {
        "model": "auth.permission",
        "pk": 14,
        "fields": {
            "name": "Can change content type",
            "content_type": 4,
            "codename": "change_contenttype"
        }
    },
    {
        "model": "auth.permission",
        "pk": 15,
        "fields": {
            "name": "Can delete content type",
            "content_type": 4,
            "codename": "delete_contenttype"
        }
    },
    {
        "model": "auth.permission",
        "pk": 16,
        "fields": {
            "name": "Can view content type",
            "content_type": 4,
            "codename": "view_contenttype"
        }
    },
    {
        "model": "auth.permission",
        "pk": 17,
        "fields": {
            "name": "Can add session",
            "content_type": 5,
            "codename": "add_session"
        }
    },
    {
        "model": "auth.permission",
        "pk": 18,
        "fields": {
            "name": "Can change session",
            "content_type": 5,
            "codename": "change_session"
        }
    },
    {
        "model": "auth.permission",
        "pk": 19,
        "fields": {
            "name": "Can delete session",
            "content_type": 5,
            "codename": "delete_session"
        }
    },
    {
        "model": "auth.permission",
        "pk": 20,
        "fields": {
            "name": "Can view session",
            "content_type": 5,
            "codename": "view_session"
        }
    },
    {
        "model": "auth.permission",
        "pk": 21,
        "fields": {
            "name": "Can add blacklisted token",
            "content_type": 6,
            "codename": "add_blacklistedtoken"
        }
    },
    {
        "model": "auth.permission",
        "pk": 22,
        "fields": {
            "name": "Can change blacklisted token",
            "content_type": 6,
            "codename": "change_blacklistedtoken"
        }
    },
    {
        "model": "auth.permission",
        "pk": 23,
        "fields": {
            "name": "Can delete blacklisted token",
            "content_type": 6,
            "codename": "delete_blacklistedtoken"
        }
    },
    {
        "model": "auth.permission",
        "pk": 24,
        "fields": {
            "name": "Can view blacklisted token",
            "content_type": 6,
            "codename": "view_blacklistedtoken"
        }
    },
    {
        "model": "auth.permission",
        "pk": 25,
        "fields": {
            "name": "Can add outstanding token",
            "content_type": 7,
            "codename": "add_outstandingtoken"
        }
    },
    {
        "model": "auth.permission",
        "pk": 26,
        "fields": {
            "name": "Can change outstanding token",
            "content_type": 7,
            "codename": "change_outstandingtoken"
        }
    },
    {
        "model": "auth.permission",
        "pk": 27,
        "fields": {
            "name": "Can delete outstanding token",
            "content_type": 7,
            "codename": "delete_outstandingtoken"
        }
    },
    {
        "model": "auth.permission",
        "pk": 28,
        "fields": {
            "name": "Can view outstanding token",
            "content_type": 7,
            "codename": "view_outstandingtoken"
        }
    },
    {
        "model": "auth.permission",
        "pk": 29,
        "fields": {
            "name": "Can add my user",
            "content_type": 8,
            "codename": "add_myuser"
        }
    },
    {
        "model": "auth.permission",
        "pk": 30,
        "fields": {
            "name": "Can change my user",
            "content_type": 8,
            "codename": "change_myuser"
        }
    },
    {
        "model": "auth.permission",
        "pk": 31,
        "fields": {
            "name": "Can delete my user",
            "content_type": 8,
            "codename": "delete_myuser"
        }
    },
    {
        "model": "auth.permission",
        "pk": 32,
        "fields": {
            "name": "Can view my user",
            "content_type": 8,
            "codename": "view_myuser"
        }
    },
    {
        "model": "auth.permission",
        "pk": 33,
        "fields": {
            "name": "Can add language",
            "content_type": 9,
            "codename": "add_language"
        }
    },
    {
        "model": "auth.permission",
        "pk": 34,
        "fields": {
            "name": "Can change language",
            "content_type": 9,
            "codename": "change_language"
        }
    },
    {
        "model": "auth.permission",
        "pk": 35,
        "fields": {
            "name": "Can delete language",
            "content_type": 9,
            "codename": "delete_language"
        }
    },
    {
        "model": "auth.permission",
        "pk": 36,
        "fields": {
            "name": "Can view language",
            "content_type": 9,
            "codename": "view_language"
        }
    },
    {
        "model": "auth.permission",
        "pk": 37,
        "fields": {
            "name": "Can add song",
            "content_type": 10,
            "codename": "add_song"
        }
    },
    {
        "model": "auth.permission",
        "pk": 38,
        "fields": {
            "name": "Can change song",
            "content_type": 10,
            "codename": "change_song"
        }
    },
    {
        "model": "auth.permission",
        "pk": 39,
        "fields": {
            "name": "Can delete song",
            "content_type": 10,
            "codename": "delete_song"
        }
    },
    {
        "model": "auth.permission",
        "pk": 40,
        "fields": {
            "name": "Can view song",
            "content_type": 10,
            "codename": "view_song"
        }
    },
    {
        "model": "auth.permission",
        "pk": 41,
        "fields": {
            "name": "Can add playlist",
            "content_type": 11,
            "codename": "add_playlist"
        }
    },
    {
        "model": "auth.permission",
        "pk": 42,
        "fields": {
            "name": "Can change playlist",
            "content_type": 11,
            "codename": "change_playlist"
        }
    },
    {
        "model": "auth.permission",
        "pk": 43,
        "fields": {
            "name": "Can delete playlist",
            "content_type": 11,
            "codename": "delete_playlist"
        }
    },
    {
        "model": "auth.permission",
        "pk": 44,
        "fields": {
            "name": "Can view playlist",
            "content_type": 11,
            "codename": "view_playlist"
        }
    },
    {
        "model": "auth.permission",
        "pk": 45,
        "fields": {
            "name": "Can add favourite",
            "content_type": 12,
            "codename": "add_favourite"
        }
    },
    {
        "model": "auth.permission",
        "pk": 46,
        "fields": {
            "name": "Can change favourite",
            "content_type": 12,
            "codename": "change_favourite"
        }
    },
    {
        "model": "auth.permission",
        "pk": 47,
        "fields": {
            "name": "Can delete favourite",
            "content_type": 12,
            "codename": "delete_favourite"
        }
    },
    {
        "model": "auth.permission",
        "pk": 48,
        "fields": {
            "name": "Can view favourite",
            "content_type": 12,
            "codename": "view_favourite"
        }
    },
    {
        "model": "auth.permission",
        "pk": 49,
        "fields": {
            "name": "Can add genre",
            "content_type": 13,
            "codename": "add_genre"
        }
    },
    {
        "model": "auth.permission",
        "pk": 50,
        "fields": {
            "name": "Can change genre",
            "content_type": 13,
            "codename": "change_genre"
        }
    },
    {
        "model": "auth.permission",
        "pk": 51,
        "fields": {
            "name": "Can delete genre",
            "content_type": 13,
            "codename": "delete_genre"
        }
    },
    {
        "model": "auth.permission",
        "pk": 52,
        "fields": {
            "name": "Can view genre",
            "content_type": 13,
            "codename": "view_genre"
        }
    },
    {
        "model": "auth.permission",
        "pk": 53,
        "fields": {
            "name": "Can add mood",
            "content_type": 14,
            "codename": "add_mood"
        }
    },
    {
        "model": "auth.permission",
        "pk": 54,
        "fields": {
            "name": "Can change mood",
            "content_type": 14,
            "codename": "change_mood"
        }
    },
    {
        "model": "auth.permission",
        "pk": 55,
        "fields": {
            "name": "Can delete mood",
            "content_type": 14,
            "codename": "delete_mood"
        }
    },
    {
        "model": "auth.permission",
        "pk": 56,
        "fields": {
            "name": "Can view mood",
            "content_type": 14,
            "codename": "view_mood"
        }
    },
    {
        "model": "auth.permission",
        "pk": 57,
        "fields": {
            "name": "Can add artist",
            "content_type": 15,
            "codename": "add_artist"
        }
    },
    {
        "model": "auth.permission",
        "pk": 58,
        "fields": {
            "name": "Can change artist",
            "content_type": 15,
            "codename": "change_artist"
        }
    },
    {
        "model": "auth.permission",
        "pk": 59,
        "fields": {
            "name": "Can delete artist",
            "content_type": 15,
            "codename": "delete_artist"
        }
    },
    {
        "model": "auth.permission",
        "pk": 60,
        "fields": {
            "name": "Can view artist",
            "content_type": 15,
            "codename": "view_artist"
        }
    },
    {
        "model": "auth.permission",
        "pk": 61,
        "fields": {
            "name": "Can add game",
            "content_type": 16,
            "codename": "add_game"
        }
    },
    {
        "model": "auth.permission",
        "pk": 62,
        "fields": {
            "name": "Can change game",
            "content_type": 16,
            "codename": "change_game"
        }
    },
    {
        "model": "auth.permission",
        "pk": 63,
        "fields": {
            "name": "Can delete game",
            "content_type": 16,
            "codename": "delete_game"
        }
    },
    {
        "model": "auth.permission",
        "pk": 64,
        "fields": {
            "name": "Can view game",
            "content_type": 16,
            "codename": "view_game"
        }
    },
    {
        "model": "auth.permission",
        "pk": 65,
        "fields": {
            "name": "Can add recently played",
            "content_type": 17,
            "codename": "add_recentlyplayed"
        }
    },
    {
        "model": "auth.permission",
        "pk": 66,
        "fields": {
            "name": "Can change recently played",
            "content_type": 17,
            "codename": "change_recentlyplayed"
        }
    },
    {
        "model": "auth.permission",
        "pk": 67,
        "fields": {
            "name": "Can delete recently played",
            "content_type": 17,
            "codename": "delete_recentlyplayed"
        }
    },
    {
        "model": "auth.permission",
        "pk": 68,
        "fields": {
            "name": "Can view recently played",
            "content_type": 17,
            "codename": "view_recentlyplayed"
        }
    },
    {
        "model": "auth.permission",
        "pk": 69,
        "fields": {
            "name": "Can add score",
            "content_type": 18,
            "codename": "add_score"
        }
    },
    {
        "model": "auth.permission",
        "pk": 70,
        "fields": {
            "name": "Can change score",
            "content_type": 18,
            "codename": "change_score"
        }
    },
    {
        "model": "auth.permission",
        "pk": 71,
        "fields": {
            "name": "Can delete score",
            "content_type": 18,
            "codename": "delete_score"
        }
    },
    {
        "model": "auth.permission",
        "pk": 72,
        "fields": {
            "name": "Can view score",
            "content_type": 18,
            "codename": "view_score"
        }
    },
    {
        "model": "contenttypes.contenttype",
        "pk": 1,
        "fields": {
            "app_label": "admin",
            "model": "logentry"
        }
    },
    {
        "model": "contenttypes.contenttype",
        "pk": 2,
        "fields": {
            "app_label": "auth",
            "model": "permission"
        }
    },
    {
        "model": "contenttypes.contenttype",
        "pk": 3,
        "fields": {
            "app_label": "auth",
            "model": "group"
        }
    },
    {
        "model": "contenttypes.contenttype",
        "pk": 4,
        "fields": {
            "app_label": "contenttypes",
            "model": "contenttype"
        }
    },
    {
        "model": "contenttypes.contenttype",
        "pk": 5,
        "fields": {
            "app_label": "sessions",
            "model": "session"
        }
    },
    {
        "model": "contenttypes.contenttype",
        "pk": 6,
        "fields": {
            "app_label": "token_blacklist",
            "model": "blacklistedtoken"
        }
    },
    {
        "model": "contenttypes.contenttype",
        "pk": 7,
        "fields": {
            "app_label": "token_blacklist",
            "model": "outstandingtoken"
        }
    },
    {
        "model": "contenttypes.contenttype",
        "pk": 8,
        "fields": {
            "app_label": "accounts",
            "model": "myuser"
        }
    },
    {
        "model": "contenttypes.contenttype",
        "pk": 9,
        "fields": {
            "app_label": "music",
            "model": "language"
        }
    },
    {
        "model": "contenttypes.contenttype",
        "pk": 10,
        "fields": {
            "app_label": "music",
            "model": "song"
        }
    },
    {
        "model": "contenttypes.contenttype",
        "pk": 11,
        "fields": {
            "app_label": "music",
            "model": "playlist"
        }
    },
    {
        "model": "contenttypes.contenttype",
        "pk": 12,
        "fields": {
            "app_label": "music",
            "model": "favourite"
        }
    },
    {
        "model": "contenttypes.contenttype",
        "pk": 13,
        "fields": {
            "app_label": "music",
            "model": "genre"
        }
    },
    {
        "model": "contenttypes.contenttype",
        "pk": 14,
        "fields": {
            "app_label": "music",
            "model": "mood"
        }
    },
    {
        "model": "contenttypes.contenttype",
        "pk": 15,
        "fields": {
            "app_label": "music",
            "model": "artist"
        }
    },
    {
        "model": "contenttypes.contenttype",
        "pk": 16,
        "fields": {
            "app_label": "game",
            "model": "game"
        }
    },
    {
        "model": "contenttypes.contenttype",
        "pk": 17,
        "fields": {
            "app_label": "music",
            "model": "recentlyplayed"
        }
    },
    {
        "model": "contenttypes.contenttype",
        "pk": 18,
        "fields": {
            "app_label": "game",
            "model": "score"
        }
    },
    {
        "model": "sessions.session",
        "pk": "2lx5v8sobcmyxqgb6dpau98tt2g3qw4o",
        "fields": {
            "session_data": ".eJxVjDkOwjAQRe_iGlmOl8RDSc8Zohl7hpjFkbJUiLuTSCmgfe_9_1Y9rsvQrzNPfcnqrDC_SlWnX06YHlx3me9Yb6NOY12mQnpP9GFnfR0zPy9H-3cw4Dxsa2-c80KdDR0huRhAgnEpNs0GDJsIBhKBsG_aVogtoohAyM5GDpDV5wsEHDm5:1r3G88:lSl3UaNC7G1cINJU2ZEZfJvoSPIcrXCivMKOU09UflE",
            "expire_date": "2023-11-29T13:40:32.386Z"
        }
    },
    {
        "model": "sessions.session",
        "pk": "9wxhzodx6asiy10zdec95lc94qg2ic2v",
        "fields": {
            "session_data": ".eJxVjDkOwjAQRe_iGlmOl8RDSc8Zohl7hpjFkbJUiLuTSCmgfe_9_1Y9rsvQrzNPfcnqrDC_SlWnX06YHlx3me9Yb6NOY12mQnpP9GFnfR0zPy9H-3cw4Dxsa2-c80KdDR0huRhAgnEpNs0GDJsIBhKBsG_aVogtoohAyM5GDpDV5wsEHDm5:1r3u5v:kpgxY42KeBM5ltsWB-Zb-zH3G4R44x4mU9yBI9avnZA",
            "expire_date": "2023-12-01T08:20:55.716Z"
        }
    },
    {
        "model": "sessions.session",
        "pk": "bq11wxewzf6h91q7w5yi1293316b7adp",
        "fields": {
            "session_data": ".eJxVjDkOwjAQRe_iGlmOl8RDSc8Zohl7hpjFkbJUiLuTSCmgfe_9_1Y9rsvQrzNPfcnqrDC_SlWnX06YHlx3me9Yb6NOY12mQnpP9GFnfR0zPy9H-3cw4Dxsa2-c80KdDR0huRhAgnEpNs0GDJsIBhKBsG_aVogtoohAyM5GDpDV5wsEHDm5:1r13nf:PnkmbXx125z19iWAxq01CG6G8BfC1jaxRP_1U7njV-g",
            "expire_date": "2023-11-23T12:06:19.759Z"
        }
    },
    {
        "model": "sessions.session",
        "pk": "gidbidketu9xol0i8m3wd0ewb6urwq5x",
        "fields": {
            "session_data": ".eJxVjDkOwjAQRe_iGlmOl8RDSc8Zohl7hpjFkbJUiLuTSCmgfe_9_1Y9rsvQrzNPfcnqrDC_SlWnX06YHlx3me9Yb6NOY12mQnpP9GFnfR0zPy9H-3cw4Dxsa2-c80KdDR0huRhAgnEpNs0GDJsIBhKBsG_aVogtoohAyM5GDpDV5wsEHDm5:1r3GX6:T07iGN2t7w2Ip3M-cP493zw-WvlXEoaTFOW6sqmUfok",
            "expire_date": "2023-11-29T14:06:20.773Z"
        }
    },
    {
        "model": "sessions.session",
        "pk": "mw0wssnq9nfx657uod35i2aclnidrh2f",
        "fields": {
            "session_data": ".eJxVjDkOwjAQRe_iGlmOl8RDSc8Zohl7hpjFkbJUiLuTSCmgfe_9_1Y9rsvQrzNPfcnqrDC_SlWnX06YHlx3me9Yb6NOY12mQnpP9GFnfR0zPy9H-3cw4Dxsa2-c80KdDR0huRhAgnEpNs0GDJsIBhKBsG_aVogtoohAyM5GDpDV5wsEHDm5:1r0QHg:ehGk8S2sfQAUrZt9ylsJCV_enomO61CYix1CQ0c9WBw",
            "expire_date": "2023-11-21T17:54:40.929Z"
        }
    },
    {
        "model": "sessions.session",
        "pk": "nokh0svmzbpwjwiy57apffmuldpsldiw",
        "fields": {
            "session_data": ".eJxVjDkOwjAQRe_iGlmOl8RDSc8Zohl7hpjFkbJUiLuTSCmgfe_9_1Y9rsvQrzNPfcnqrDC_SlWnX06YHlx3me9Yb6NOY12mQnpP9GFnfR0zPy9H-3cw4Dxsa2-c80KdDR0huRhAgnEpNs0GDJsIBhKBsG_aVogtoohAyM5GDpDV5wsEHDm5:1r60CP:N9HCRihs-FtJ5SJZg3onNYXsZ9Xk5rFOFnvRwHODpfY",
            "expire_date": "2023-12-07T03:16:17.524Z"
        }
    },
    {
        "model": "sessions.session",
        "pk": "vsgt0oe85oo6gk18qd07wewfd0jlhwv2",
        "fields": {
            "session_data": ".eJxVjDkOwjAQRe_iGlmOl8RDSc8Zohl7hpjFkbJUiLuTSCmgfe_9_1Y9rsvQrzNPfcnqrDC_SlWnX06YHlx3me9Yb6NOY12mQnpP9GFnfR0zPy9H-3cw4Dxsa2-c80KdDR0huRhAgnEpNs0GDJsIBhKBsG_aVogtoohAyM5GDpDV5wsEHDm5:1r3FqL:dg913Pm-xCqw0PdnyWcL8orCfGcMEOdJSTLKGD937RY",
            "expire_date": "2023-11-29T13:22:09.331Z"
        }
    },
    {
        "model": "sessions.session",
        "pk": "xgtdw9hqm7u9oh0crw1wzkt9rclf5xkw",
        "fields": {
            "session_data": ".eJxVjDkOwjAQRe_iGlmOl8RDSc8Zohl7hpjFkbJUiLuTSCmgfe_9_1Y9rsvQrzNPfcnqrDC_SlWnX06YHlx3me9Yb6NOY12mQnpP9GFnfR0zPy9H-3cw4Dxsa2-c80KdDR0huRhAgnEpNs0GDJsIBhKBsG_aVogtoohAyM5GDpDV5wsEHDm5:1qzk6t:owoZSicAORvbyoSL46o7jFso-OzJxrDX5gl0j8V_ZjY",
            "expire_date": "2023-11-19T20:52:43.714Z"
        }
    },
    {
        "model": "token_blacklist.outstandingtoken",
        "pk": 1,
        "fields": {
            "user": "admin",
            "jti": "78d223eeae6a4797b54c6c3d0bd02fe6",
            "token": "eyJhbGciOiJIUzI1NiIsInR5cCI6IkpXVCJ9.eyJ0b2tlbl90eXBlIjoicmVmcmVzaCIsImV4cCI6MTcwNzgzNDQyNywiaWF0IjoxNjk5MTk0NDI3LCJqdGkiOiI3OGQyMjNlZWFlNmE0Nzk3YjU0YzZjM2QwYmQwMmZlNiIsInVzZXJfaWQiOiJhZG1pbiJ9.YEzXkXUuX-6MIMrUGMdli-mDC0HfmY2maWUjCouQUjI",
            "created_at": "2023-11-05T14:27:07.694Z",
            "expires_at": "2024-02-13T14:27:07Z"
        }
    },
    {
        "model": "token_blacklist.outstandingtoken",
        "pk": 2,
        "fields": {
            "user": "admin",
            "jti": "897f55003113470cb7d840d89b6890db",
            "token": "eyJhbGciOiJIUzI1NiIsInR5cCI6IkpXVCJ9.eyJ0b2tlbl90eXBlIjoicmVmcmVzaCIsImV4cCI6MTcwNzg1MzE3MywiaWF0IjoxNjk5MjEzMTczLCJqdGkiOiI4OTdmNTUwMDMxMTM0NzBjYjdkODQwZDg5YjY4OTBkYiIsInVzZXJfaWQiOiJhZG1pbiJ9.h_-_DtoNXtytOin1iuH2HW7tesvvh--UxdB8Wt0Rihc",
            "created_at": "2023-11-05T19:39:33.115Z",
            "expires_at": "2024-02-13T19:39:33Z"
        }
    },
    {
        "model": "token_blacklist.outstandingtoken",
        "pk": 3,
        "fields": {
            "user": "admin",
            "jti": "4d0064c1a1d9494a9a3384c2f2e41944",
            "token": "eyJhbGciOiJIUzI1NiIsInR5cCI6IkpXVCJ9.eyJ0b2tlbl90eXBlIjoicmVmcmVzaCIsImV4cCI6MTcwNzk3ODc5OSwiaWF0IjoxNjk5MzM4Nzk5LCJqdGkiOiI0ZDAwNjRjMWExZDk0OTRhOWEzMzg0YzJmMmU0MTk0NCIsInVzZXJfaWQiOiJhZG1pbiJ9.8ll6F582b4L_6tMwMVmYHINRjrg8OjIbl979s4tvQs4",
            "created_at": "2023-11-07T06:33:19.301Z",
            "expires_at": "2024-02-15T06:33:19Z"
        }
    },
    {
        "model": "token_blacklist.outstandingtoken",
        "pk": 4,
        "fields": {
            "user": "admin",
            "jti": "66e9f08e6a4d4e7cbec45bdad2a87ec2",
            "token": "eyJhbGciOiJIUzI1NiIsInR5cCI6IkpXVCJ9.eyJ0b2tlbl90eXBlIjoicmVmcmVzaCIsImV4cCI6MTcwNzk4MzI2MCwiaWF0IjoxNjk5MzQzMjYwLCJqdGkiOiI2NmU5ZjA4ZTZhNGQ0ZTdjYmVjNDViZGFkMmE4N2VjMiIsInVzZXJfaWQiOiJhZG1pbiJ9.R2CcR8iFgleOOx0KastDWPGfn_eKtyCYaMJaq0NQ9TE",
            "created_at": "2023-11-07T07:47:40.925Z",
            "expires_at": "2024-02-15T07:47:40Z"
        }
    },
    {
        "model": "token_blacklist.outstandingtoken",
        "pk": 5,
        "fields": {
            "user": "admin",
            "jti": "54ab5ee0595844209438b42840d0910f",
            "token": "eyJhbGciOiJIUzI1NiIsInR5cCI6IkpXVCJ9.eyJ0b2tlbl90eXBlIjoicmVmcmVzaCIsImV4cCI6MTcwODAwNTE2MiwiaWF0IjoxNjk5MzY1MTYyLCJqdGkiOiI1NGFiNWVlMDU5NTg0NDIwOTQzOGI0Mjg0MGQwOTEwZiIsInVzZXJfaWQiOiJhZG1pbiJ9.HuM4r9V8OGbknSL92hGxPQ14phMEDYmf84TgeBkVPvI",
            "created_at": "2023-11-07T13:52:42.233Z",
            "expires_at": "2024-02-15T13:52:42Z"
        }
    },
    {
        "model": "token_blacklist.outstandingtoken",
        "pk": 6,
        "fields": {
            "user": "lakshay",
            "jti": "1db5aab3eadb4ca4b0ae39251b0c4d5e",
            "token": "eyJhbGciOiJIUzI1NiIsInR5cCI6IkpXVCJ9.eyJ0b2tlbl90eXBlIjoicmVmcmVzaCIsImV4cCI6MTcwODAxOTc4NCwiaWF0IjoxNjk5Mzc5Nzg0LCJqdGkiOiIxZGI1YWFiM2VhZGI0Y2E0YjBhZTM5MjUxYjBjNGQ1ZSIsInVzZXJfaWQiOiJsYWtzaGF5In0.sC6z-EO1J8GRrrT0PogtxfeiAhbmHxjXwMtRsVE9_so",
            "created_at": "2023-11-07T17:56:24.560Z",
            "expires_at": "2024-02-15T17:56:24Z"
        }
    },
    {
        "model": "token_blacklist.outstandingtoken",
        "pk": 7,
        "fields": {
            "user": "admin",
            "jti": "0452dd37d3284223a6672163e3c3b691",
            "token": "eyJhbGciOiJIUzI1NiIsInR5cCI6IkpXVCJ9.eyJ0b2tlbl90eXBlIjoicmVmcmVzaCIsImV4cCI6MTcwODExMTYxMywiaWF0IjoxNjk5NDcxNjEzLCJqdGkiOiIwNDUyZGQzN2QzMjg0MjIzYTY2NzIxNjNlM2MzYjY5MSIsInVzZXJfaWQiOiJhZG1pbiJ9.1FGgTcwf9yJ_AQfe8b9Y15gwkcBEb2LbWeX2s7si3ow",
            "created_at": "2023-11-08T19:26:53.446Z",
            "expires_at": "2024-02-16T19:26:53Z"
        }
    },
    {
        "model": "token_blacklist.outstandingtoken",
        "pk": 8,
        "fields": {
            "user": "lakshay",
            "jti": "63ee5f0997894364a08a655d1b0ec08a",
            "token": "eyJhbGciOiJIUzI1NiIsInR5cCI6IkpXVCJ9.eyJ0b2tlbl90eXBlIjoicmVmcmVzaCIsImV4cCI6MTcwODExMTc4OCwiaWF0IjoxNjk5NDcxNzg4LCJqdGkiOiI2M2VlNWYwOTk3ODk0MzY0YTA4YTY1NWQxYjBlYzA4YSIsInVzZXJfaWQiOiJsYWtzaGF5In0.zycoLnZiSG0ZeIfFDtbczK5sPKGke9KoQxxe6fRxVjA",
            "created_at": "2023-11-08T19:29:48.184Z",
            "expires_at": "2024-02-16T19:29:48Z"
        }
    },
    {
        "model": "token_blacklist.outstandingtoken",
        "pk": 9,
        "fields": {
            "user": "lakshay",
            "jti": "d0a94ab0172d404bb21f58d2b9771fec",
            "token": "eyJhbGciOiJIUzI1NiIsInR5cCI6IkpXVCJ9.eyJ0b2tlbl90eXBlIjoicmVmcmVzaCIsImV4cCI6MTcwODExMzY4NCwiaWF0IjoxNjk5NDczNjg0LCJqdGkiOiJkMGE5NGFiMDE3MmQ0MDRiYjIxZjU4ZDJiOTc3MWZlYyIsInVzZXJfaWQiOiJsYWtzaGF5In0.XPX3_V9gw0Ku2vMQeLLW3yumDXv2nbuyq4wt8toYlhk",
            "created_at": "2023-11-08T20:01:24.234Z",
            "expires_at": "2024-02-16T20:01:24Z"
        }
    },
    {
        "model": "token_blacklist.outstandingtoken",
        "pk": 10,
        "fields": {
            "user": "lakshay",
            "jti": "14b48cf9620c411d987107d7f4d5d7c5",
            "token": "eyJhbGciOiJIUzI1NiIsInR5cCI6IkpXVCJ9.eyJ0b2tlbl90eXBlIjoicmVmcmVzaCIsImV4cCI6MTcwODExMzkyNywiaWF0IjoxNjk5NDczOTI3LCJqdGkiOiIxNGI0OGNmOTYyMGM0MTFkOTg3MTA3ZDdmNGQ1ZDdjNSIsInVzZXJfaWQiOiJsYWtzaGF5In0.kuQ2maxruvgPmvEs0ldF3R-6JfdNzMLSNoNeygWn0pE",
            "created_at": "2023-11-08T20:05:27.471Z",
            "expires_at": "2024-02-16T20:05:27Z"
        }
    },
    {
        "model": "token_blacklist.outstandingtoken",
        "pk": 11,
        "fields": {
            "user": "admin",
            "jti": "513b0074de974876b940dac6771b6683",
            "token": "eyJhbGciOiJIUzI1NiIsInR5cCI6IkpXVCJ9.eyJ0b2tlbl90eXBlIjoicmVmcmVzaCIsImV4cCI6MTcwODExMzk5MywiaWF0IjoxNjk5NDczOTkzLCJqdGkiOiI1MTNiMDA3NGRlOTc0ODc2Yjk0MGRhYzY3NzFiNjY4MyIsInVzZXJfaWQiOiJhZG1pbiJ9.NfEyOBFHJpp_kjKq1ZMcgC3nax1BAZ2LHkwCeU-Xxco",
            "created_at": "2023-11-08T20:06:33.636Z",
            "expires_at": "2024-02-16T20:06:33Z"
        }
    },
    {
        "model": "token_blacklist.outstandingtoken",
        "pk": 12,
        "fields": {
            "user": "adasda",
            "jti": "e2e2c3b02a9f4e63aa6ec69a2db21dd2",
            "token": "eyJhbGciOiJIUzI1NiIsInR5cCI6IkpXVCJ9.eyJ0b2tlbl90eXBlIjoicmVmcmVzaCIsImV4cCI6MTcwOTM1NTc4MSwiaWF0IjoxNzAwNzE1NzgxLCJqdGkiOiJlMmUyYzNiMDJhOWY0ZTYzYWE2ZWM2OWEyZGIyMWRkMiIsInVzZXJfaWQiOiJhZGFzZGEifQ.-Rxei_Ej9xJYVlHpTjM501vTuDMUOYQX-NE2EeeBWKw",
            "created_at": "2023-11-23T05:03:01.888Z",
            "expires_at": "2024-03-02T05:03:01Z"
        }
    },
    {
        "model": "token_blacklist.outstandingtoken",
        "pk": 13,
        "fields": {
            "user": "asdsdad",
            "jti": "8de734c6a68d442ab30d532ffc89c51f",
            "token": "eyJhbGciOiJIUzI1NiIsInR5cCI6IkpXVCJ9.eyJ0b2tlbl90eXBlIjoicmVmcmVzaCIsImV4cCI6MTcwOTM2NDg0OSwiaWF0IjoxNzAwNzI0ODQ5LCJqdGkiOiI4ZGU3MzRjNmE2OGQ0NDJhYjMwZDUzMmZmYzg5YzUxZiIsInVzZXJfaWQiOiJhc2RzZGFkIn0.10XKdjZw0hBEWSLQBeCwDMuwzWRDWt6O4xdBAv3_de8",
            "created_at": "2023-11-23T07:34:09.194Z",
            "expires_at": "2024-03-02T07:34:09Z"
        }
    },
    {
        "model": "token_blacklist.outstandingtoken",
        "pk": 14,
        "fields": {
            "user": "lakshay",
            "jti": "2b4e3886711349d59ed7a5eb41af39b4",
            "token": "eyJhbGciOiJIUzI1NiIsInR5cCI6IkpXVCJ9.eyJ0b2tlbl90eXBlIjoicmVmcmVzaCIsImV4cCI6MTcwOTM2NTAwNiwiaWF0IjoxNzAwNzI1MDA2LCJqdGkiOiIyYjRlMzg4NjcxMTM0OWQ1OWVkN2E1ZWI0MWFmMzliNCIsInVzZXJfaWQiOiJsYWtzaGF5In0.GDkUoTX1uZbmS9BcmLjVqFmgvr5tCXVNZzRCZvA5esU",
            "created_at": "2023-11-23T07:36:46.739Z",
            "expires_at": "2024-03-02T07:36:46Z"
        }
    },
    {
        "model": "accounts.myuser",
        "pk": "adasda",
        "fields": {
            "password": "!Y5tsweP4Hsg2jvQ6hk2s7ZB61lRFlBHgsX8pSabM",
            "last_login": null,
            "is_superuser": false,
            "email": "abc@abc.com",
            "phone_number": null,
            "otp": null,
            "profile_pic_url": "https://encrypted-tbn0.gstatic.com/images?q=tbn:ANd9GcSlfrScK05sZxTgh7Bg4p_Anm_ZSxxqGHpCFA&usqp=CAU",
            "is_active": true,
            "is_admin": false,
            "is_uploader": false,
            "is_valid": true,
            "groups": [],
            "user_permissions": []
        }
    },
    {
        "model": "accounts.myuser",
        "pk": "admin",
        "fields": {
            "password": "pbkdf2_sha256$600000$tUJVgC0Tqc75A4f3u9qKlZ$PIidGIEIJ28BaS2lj1Cyjac5fX8tGvFVHVMVlyXLjVY=",
            "last_login": "2023-11-23T03:16:17.514Z",
            "is_superuser": false,
            "email": null,
            "phone_number": null,
            "otp": null,
            "profile_pic_url": "http://res.cloudinary.com/ds9i3o1hj/image/upload/v1699478102/v98rokyi85ta6ozfmtr1.jpg",
            "is_active": true,
            "is_admin": true,
            "is_uploader": true,
            "is_valid": true,
            "groups": [],
            "user_permissions": []
        }
    },
    {
        "model": "accounts.myuser",
        "pk": "asdsdad",
        "fields": {
            "password": "!RdK4LwsDXL5UsT9w5DY4RrxkbvIgBc7HSZPjpY5n",
            "last_login": null,
            "is_superuser": false,
            "email": "abcasd@abc.com",
            "phone_number": null,
            "otp": null,
            "profile_pic_url": "https://encrypted-tbn0.gstatic.com/images?q=tbn:ANd9GcSlfrScK05sZxTgh7Bg4p_Anm_ZSxxqGHpCFA&usqp=CAU",
            "is_active": true,
            "is_admin": false,
            "is_uploader": false,
            "is_valid": true,
            "groups": [],
            "user_permissions": []
        }
    },
    {
        "model": "accounts.myuser",
        "pk": "lakshay",
        "fields": {
            "password": "!Ei3hiZjQfh3h9DktAOcOHaOS5oUJnrJVIJ1grAlB",
            "last_login": null,
            "is_superuser": false,
            "email": "iamlakshay04@gmail.com",
            "phone_number": null,
            "otp": null,
            "profile_pic_url": "https://encrypted-tbn0.gstatic.com/images?q=tbn:ANd9GcSlfrScK05sZxTgh7Bg4p_Anm_ZSxxqGHpCFA&usqp=CAU",
            "is_active": true,
            "is_admin": false,
            "is_uploader": true,
            "is_valid": true,
            "groups": [],
            "user_permissions": []
        }
    },
    {
        "model": "music.language",
        "pk": 1,
        "fields": {
            "name": "English"
        }
    },
    {
        "model": "music.language",
        "pk": 2,
        "fields": {
            "name": "Hindi"
        }
    },
    {
        "model": "music.language",
        "pk": 5,
        "fields": {
            "name": "Haryanvi"
        }
    },
    {
        "model": "music.language",
        "pk": 6,
        "fields": {
            "name": "Punjabi"
        }
    },
    {
        "model": "music.language",
        "pk": 7,
        "fields": {
            "name": "punjabi"
        }
    },
    {
        "model": "music.language",
        "pk": 8,
        "fields": {
            "name": "marathi"
        }
    },
    {
        "model": "music.language",
        "pk": 9,
        "fields": {
            "name": "hindi"
        }
    },
    {
        "model": "music.language",
        "pk": 10,
        "fields": {
            "name": "pubjabi"
        }
    },
    {
        "model": "music.language",
        "pk": 11,
        "fields": {
            "name": "english"
        }
    },
    {
        "model": "music.genre",
        "pk": 1,
        "fields": {
            "name": "rock"
        }
    },
    {
        "model": "music.genre",
        "pk": 2,
        "fields": {
            "name": "pop"
        }
    },
    {
        "model": "music.genre",
        "pk": 5,
        "fields": {
            "name": "edm"
        }
    },
    {
        "model": "music.genre",
        "pk": 6,
        "fields": {
            "name": "hip hop"
        }
    },
    {
        "model": "music.genre",
        "pk": 7,
        "fields": {
            "name": "romantic"
        }
    },
    {
        "model": "music.mood",
        "pk": 1,
        "fields": {
            "name": "happy"
        }
    },
    {
        "model": "music.mood",
        "pk": 2,
        "fields": {
            "name": "sad"
        }
    },
    {
        "model": "music.mood",
        "pk": 3,
        "fields": {
            "name": "energetic"
        }
    },
    {
        "model": "music.mood",
        "pk": 4,
        "fields": {
            "name": "upbeat"
        }
    },
    {
        "model": "music.mood",
        "pk": 5,
        "fields": {
            "name": "romantic"
        }
    },
    {
        "model": "music.mood",
        "pk": 6,
        "fields": {
            "name": "emotional"
        }
    },
    {
        "model": "music.mood",
        "pk": 7,
        "fields": {
            "name": "bittersweet"
        }
    },
    {
        "model": "music.mood",
        "pk": 8,
        "fields": {
            "name": "uprising"
        }
    },
    {
        "model": "music.artist",
        "pk": 1,
        "fields": {
            "name": "Arijit Singh",
            "thumbnail_url": "https://static.toiimg.com/thumb/msid-53685247,width-400,resizemode-4/53685247.jpg"
        }
    },
    {
        "model": "music.artist",
        "pk": 2,
        "fields": {
            "name": "Neha Kakkar",
            "thumbnail_url": "https://st1.bollywoodlife.com/wp-content/uploads/2021/02/Neha-Kakkar-1.jpg?impolicy=Medium_Widthonly&w=412&h=290"
        }
    },
    {
        "model": "music.artist",
        "pk": 3,
        "fields": {
            "name": "Badshah",
            "thumbnail_url": "https://blackhattalent.com/wp-content/uploads/2023/08/09badshah2.jpg"
        }
    },
    {
        "model": "music.artist",
        "pk": 4,
        "fields": {
            "name": "Dhvani Bhanushali",
            "thumbnail_url": "https://encrypted-tbn0.gstatic.com/images?q=tbn:ANd9GcR2aefP8am-9I4IL17r30lhUKeCYkS0FMgfZw&usqp=CAU"
        }
    },
    {
        "model": "music.artist",
        "pk": 5,
        "fields": {
            "name": "Darshan Raval",
            "thumbnail_url": "https://stories.parkplus.io/car-collection-of-singer-darshan-raval/assets/2.jpeg"
        }
    },
    {
        "model": "music.artist",
        "pk": 6,
        "fields": {
            "name": "Honey Singh",
            "thumbnail_url": "https://yt3.googleusercontent.com/w5--rYE3ImfRC_sOTt9YAm0YnBBVtg4SLnamo0t2Ww_sVlMjhz623EQKLn44zurd_kArHfGkskM=s900-c-k-c0x00ffffff-no-rj"
        }
    },
    {
        "model": "music.artist",
        "pk": 7,
        "fields": {
            "name": "Melanie Martinez",
            "thumbnail_url": "https://community.spotify.com/t5/image/serverpage/image-id/25294i2836BD1C1A31BDF2?v=v2"
        }
    },
    {
        "model": "music.artist",
        "pk": 8,
        "fields": {
            "name": "Madison Beer",
            "thumbnail_url": "https://community.spotify.com/t5/image/serverpage/image-id/25294i2836BD1C1A31BDF2?v=v2"
        }
    },
    {
        "model": "music.artist",
        "pk": 9,
        "fields": {
            "name": "Duncan",
            "thumbnail_url": "https://community.spotify.com/t5/image/serverpage/image-id/25294i2836BD1C1A31BDF2?v=v2"
        }
    },
    {
        "model": "music.artist",
        "pk": 10,
        "fields": {
            "name": "Alan Walker",
            "thumbnail_url": "https://community.spotify.com/t5/image/serverpage/image-id/25294i2836BD1C1A31BDF2?v=v2"
        }
    },
    {
        "model": "music.artist",
        "pk": 11,
        "fields": {
            "name": "Alec Benjamin",
            "thumbnail_url": "https://community.spotify.com/t5/image/serverpage/image-id/25294i2836BD1C1A31BDF2?v=v2"
        }
    },
    {
        "model": "music.artist",
        "pk": 12,
        "fields": {
            "name": "Billie Ellish",
            "thumbnail_url": "https://community.spotify.com/t5/image/serverpage/image-id/25294i2836BD1C1A31BDF2?v=v2"
        }
    },
    {
        "model": "music.artist",
        "pk": 13,
        "fields": {
            "name": "SIA",
            "thumbnail_url": "https://community.spotify.com/t5/image/serverpage/image-id/25294i2836BD1C1A31BDF2?v=v2"
        }
    },
    {
        "model": "music.artist",
        "pk": 14,
        "fields": {
            "name": "Ariana Grande",
            "thumbnail_url": "https://community.spotify.com/t5/image/serverpage/image-id/25294i2836BD1C1A31BDF2?v=v2"
        }
    },
    {
        "model": "music.song",
        "pk": 50,
        "fields": {
            "name": "Aankhon Aankhon",
            "artist": 3,
            "uploader": "admin",
            "date_added": "2023-11-10T18:57:33.060Z",
            "language": 7,
            "genre": 2,
            "mood": 1,
            "song_url": "http://res.cloudinary.com/ds9i3o1hj/video/upload/v1699642651/ybqlo4edvftycjofffyz.mp3",
            "thumbnail_url": "http://res.cloudinary.com/ds9i3o1hj/image/upload/v1699642649/v4qa3mzv4cidkkujqhrp.jpg",
            "is_private": false,
            "lyrics_url": null,
            "song_duration": "04:04"
        }
    },
    {
        "model": "music.song",
        "pk": 54,
        "fields": {
            "name": "Aashke",
            "artist": 6,
            "uploader": "admin",
            "date_added": "2023-11-10T19:04:59.676Z",
            "language": 9,
            "genre": 1,
            "mood": 1,
            "song_url": "http://res.cloudinary.com/ds9i3o1hj/video/upload/v1699643098/ag7subcesvmvtpw1r9ee.mp3",
            "thumbnail_url": "http://res.cloudinary.com/ds9i3o1hj/image/upload/v1699643095/ijudre7qbzj7nltpkpjn.jpg",
            "is_private": false,
            "lyrics_url": null,
            "song_duration": "03:11"
        }
    },
    {
        "model": "music.song",
        "pk": 56,
        "fields": {
            "name": "ABCD Song",
            "artist": 6,
            "uploader": "admin",
            "date_added": "2023-11-10T19:06:39.559Z",
            "language": 10,
            "genre": 2,
            "mood": 4,
            "song_url": "http://res.cloudinary.com/ds9i3o1hj/video/upload/v1699643198/jsawnmpt3eh7kz6tlopc.mp3",
            "thumbnail_url": "http://res.cloudinary.com/ds9i3o1hj/image/upload/v1699643194/w8zqehjetekwtxrz945l.jpg",
            "is_private": false,
            "lyrics_url": null,
            "song_duration": "03:27"
        }
    },
    {
        "model": "music.song",
        "pk": 57,
        "fields": {
            "name": "Angreji Beat",
            "artist": 6,
            "uploader": "admin",
            "date_added": "2023-11-10T19:09:09.326Z",
            "language": 6,
            "genre": 2,
            "mood": 4,
            "song_url": "http://res.cloudinary.com/ds9i3o1hj/video/upload/v1699643348/wgufxqkljjigopzydni0.mp3",
            "thumbnail_url": "http://res.cloudinary.com/ds9i3o1hj/image/upload/v1699643344/ooibz2gbqbuad6asxv6r.jpg",
            "is_private": false,
            "lyrics_url": null,
            "song_duration": "03:30"
        }
    },
    {
        "model": "music.song",
        "pk": 58,
        "fields": {
            "name": "Blue Eyes",
            "artist": 6,
            "uploader": "admin",
            "date_added": "2023-11-10T19:10:26.238Z",
            "language": 5,
            "genre": 5,
            "mood": 5,
            "song_url": "http://res.cloudinary.com/ds9i3o1hj/video/upload/v1699643425/emwxabvfqv1bexh0e3tq.mp3",
            "thumbnail_url": "http://res.cloudinary.com/ds9i3o1hj/image/upload/v1699643421/tmxhzvg11oewxd0tzgok.jpg",
            "is_private": false,
            "lyrics_url": null,
            "song_duration": "03:40"
        }
    },
    {
        "model": "music.song",
        "pk": 59,
        "fields": {
            "name": "Brown Rang",
            "artist": 6,
            "uploader": "admin",
            "date_added": "2023-11-10T19:13:36.458Z",
            "language": 7,
            "genre": 6,
            "mood": 4,
            "song_url": "http://res.cloudinary.com/ds9i3o1hj/video/upload/v1699643615/govkwctv3ruygncrqlnl.mp3",
            "thumbnail_url": "http://res.cloudinary.com/ds9i3o1hj/image/upload/v1699643612/euzlwq1tmtwbxlnr1vzr.jpg",
            "is_private": false,
            "lyrics_url": null,
            "song_duration": "02:59"
        }
    },
    {
        "model": "music.song",
        "pk": 60,
        "fields": {
            "name": "Mehrama",
            "artist": 5,
            "uploader": "admin",
            "date_added": "2023-11-10T19:20:34.675Z",
            "language": 9,
            "genre": 7,
            "mood": 6,
            "song_url": "http://res.cloudinary.com/ds9i3o1hj/video/upload/v1699644033/rwdvxytth38o790f4bl1.mp3",
            "thumbnail_url": "http://res.cloudinary.com/ds9i3o1hj/image/upload/v1699644028/ezokv4byqpkeurtduejp.jpg",
            "is_private": false,
            "lyrics_url": null,
            "song_duration": "04:09"
        }
    },
    {
        "model": "music.song",
        "pk": 61,
        "fields": {
            "name": "Kanta Laga",
            "artist": 2,
            "uploader": "admin",
            "date_added": "2023-11-10T19:23:27.779Z",
            "language": 9,
            "genre": 7,
            "mood": 6,
            "song_url": "http://res.cloudinary.com/ds9i3o1hj/video/upload/v1699644206/htwejyysqmdgbpfohkem.mp3",
            "thumbnail_url": "http://res.cloudinary.com/ds9i3o1hj/image/upload/v1699644203/iq0zyjeoyrwxt0bnjg67.jpg",
            "is_private": false,
            "lyrics_url": null,
            "song_duration": "03:38"
        }
    },
    {
        "model": "music.song",
        "pk": 62,
        "fields": {
            "name": "Bol",
            "artist": 2,
            "uploader": "admin",
            "date_added": "2023-11-10T19:25:28.265Z",
            "language": 9,
            "genre": 7,
            "mood": 2,
            "song_url": "http://res.cloudinary.com/ds9i3o1hj/video/upload/v1699644327/uyqk5lk2qmyvn7iwgxcz.mp3",
            "thumbnail_url": "http://res.cloudinary.com/ds9i3o1hj/image/upload/v1699644324/koy55tjpxya7mgh1d8ps.jpg",
            "is_private": false,
            "lyrics_url": null,
            "song_duration": "03:26"
        }
    },
    {
        "model": "music.song",
        "pk": 63,
        "fields": {
            "name": "2Phone",
            "artist": 2,
            "uploader": "lakshay",
            "date_added": "2023-11-10T19:26:35.254Z",
            "language": 9,
            "genre": 7,
            "mood": 2,
            "song_url": "http://res.cloudinary.com/ds9i3o1hj/video/upload/v1699644394/rr6dr2pku3o056kpqksa.mp3",
            "thumbnail_url": "http://res.cloudinary.com/ds9i3o1hj/image/upload/v1699644391/ap5ebymdor5c1cxc1vr8.jpg",
            "is_private": false,
            "lyrics_url": null,
            "song_duration": "03:05"
        }
    },
    {
        "model": "music.song",
        "pk": 64,
        "fields": {
            "name": "FairPlay Anthem",
            "artist": 3,
            "uploader": "admin",
            "date_added": "2023-11-10T19:29:41.110Z",
            "language": 9,
            "genre": 1,
            "mood": 1,
            "song_url": "http://res.cloudinary.com/ds9i3o1hj/video/upload/v1699644579/mmdqys9xsz4cewjjmu46.mp3",
            "thumbnail_url": "http://res.cloudinary.com/ds9i3o1hj/image/upload/v1699644578/u6jypauwljyb4rsybuw1.jpg",
            "is_private": false,
            "lyrics_url": null,
            "song_duration": "02:35"
        }
    },
    {
        "model": "music.song",
        "pk": 65,
        "fields": {
            "name": "Let it Flow",
            "artist": 3,
            "uploader": "admin",
            "date_added": "2023-11-10T19:31:10.625Z",
            "language": 9,
            "genre": 1,
            "mood": 1,
            "song_url": "http://res.cloudinary.com/ds9i3o1hj/video/upload/v1699644669/teurp2a8nbkoht1wgkkk.mp3",
            "thumbnail_url": "http://res.cloudinary.com/ds9i3o1hj/image/upload/v1699644667/zmmqfseebezoqirr1lcn.jpg",
            "is_private": false,
            "lyrics_url": null,
            "song_duration": "02:56"
        }
    },
    {
        "model": "music.song",
        "pk": 66,
        "fields": {
            "name": "nasha",
            "artist": 3,
            "uploader": "admin",
            "date_added": "2023-11-10T19:35:41.770Z",
            "language": 9,
            "genre": 1,
            "mood": 1,
            "song_url": "http://res.cloudinary.com/ds9i3o1hj/video/upload/v1699644940/qrsl5lsxz2anzejamsms.mp3",
            "thumbnail_url": "http://res.cloudinary.com/ds9i3o1hj/image/upload/v1699644938/wcgrve8b7ioj7ccwbudg.jpg",
            "is_private": false,
            "lyrics_url": null,
            "song_duration": "02:19"
        }
    },
    {
        "model": "music.song",
        "pk": 67,
        "fields": {
            "name": "Khali bottle mein sharab",
            "artist": 3,
            "uploader": "admin",
            "date_added": "2023-11-10T19:36:41.899Z",
            "language": 9,
            "genre": 1,
            "mood": 1,
            "song_url": "http://res.cloudinary.com/ds9i3o1hj/video/upload/v1699645000/zwft2np454rzvyefxdks.mp3",
            "thumbnail_url": "http://res.cloudinary.com/ds9i3o1hj/image/upload/v1699644998/nu6ptse1rwhqkdc0h7mr.jpg",
            "is_private": false,
            "lyrics_url": null,
            "song_duration": "03:14"
        }
    },
    {
        "model": "music.song",
        "pk": 68,
        "fields": {
            "name": "Play date",
            "artist": 7,
            "uploader": "admin",
            "date_added": "2023-11-10T19:44:06.281Z",
            "language": 11,
            "genre": 2,
            "mood": 7,
            "song_url": "http://res.cloudinary.com/ds9i3o1hj/video/upload/v1699645445/j0mbnovaljrmrrmdsjqo.mp3",
            "thumbnail_url": "http://res.cloudinary.com/ds9i3o1hj/image/upload/v1699645442/icyhxwllxd4krfit7ebo.jpg",
            "is_private": false,
            "lyrics_url": "http://res.cloudinary.com/ds9i3o1hj/raw/upload/v1699822694/y0ky5i7lemjp6gzbtx2s.srt",
            "song_duration": "02:58"
        }
    },
    {
        "model": "music.song",
        "pk": 69,
        "fields": {
            "name": "Carried Away",
            "artist": 8,
            "uploader": "admin",
            "date_added": "2023-11-10T19:46:17.488Z",
            "language": 11,
            "genre": 2,
            "mood": 5,
            "song_url": "http://res.cloudinary.com/ds9i3o1hj/video/upload/v1699645576/muha83nendxwzfpwftay.mp3",
            "thumbnail_url": "http://res.cloudinary.com/ds9i3o1hj/image/upload/v1699645574/wiw69zo57xwigmlmucqg.jpg",
            "is_private": false,
            "lyrics_url": "http://res.cloudinary.com/ds9i3o1hj/raw/upload/v1699822632/zcjttwobvqnbdsr5t3e7.srt",
            "song_duration": "03:02"
        }
    },
    {
        "model": "music.song",
        "pk": 70,
        "fields": {
            "name": "Arcade",
            "artist": 9,
            "uploader": "admin",
            "date_added": "2023-11-10T19:48:49.575Z",
            "language": 11,
            "genre": 2,
            "mood": 2,
            "song_url": "http://res.cloudinary.com/ds9i3o1hj/video/upload/v1699645728/rptyah3qh5lmjroxb9zk.mp3",
            "thumbnail_url": "http://res.cloudinary.com/ds9i3o1hj/image/upload/v1699645726/tiyewzywxrk043ojs7ca.jpg",
            "is_private": false,
            "lyrics_url": "http://res.cloudinary.com/ds9i3o1hj/raw/upload/v1699822568/o9nrif1zo2b6c1espy4i.srt",
            "song_duration": "03:03"
        }
    },
    {
        "model": "music.song",
        "pk": 71,
        "fields": {
            "name": "On My Way",
            "artist": 10,
            "uploader": "admin",
            "date_added": "2023-11-10T19:49:57.871Z",
            "language": 11,
            "genre": 1,
            "mood": 1,
            "song_url": "http://res.cloudinary.com/ds9i3o1hj/video/upload/v1699645796/yjj57x47ddnprfasqvwc.mp3",
            "thumbnail_url": "http://res.cloudinary.com/ds9i3o1hj/image/upload/v1699645794/p6vjsw4ef7uwepldq9cz.jpg",
            "is_private": false,
            "lyrics_url": "http://res.cloudinary.com/ds9i3o1hj/raw/upload/v1699822530/pqxd9vloswywfvjq65h2.srt",
            "song_duration": "03:13"
        }
    },
    {
        "model": "music.song",
        "pk": 72,
        "fields": {
            "name": "Let me Down SLowly",
            "artist": 11,
            "uploader": "admin",
            "date_added": "2023-11-10T19:51:10.578Z",
            "language": 11,
            "genre": 1,
            "mood": 1,
            "song_url": "http://res.cloudinary.com/ds9i3o1hj/video/upload/v1699645869/gv9rh93li6molyuml6ui.mp3",
            "thumbnail_url": "http://res.cloudinary.com/ds9i3o1hj/image/upload/v1699645867/qfan9uxr0iwbja9kjyon.jpg",
            "is_private": false,
            "lyrics_url": "http://res.cloudinary.com/ds9i3o1hj/raw/upload/v1699822492/cecl4fztuvvq8thiw2cu.srt",
            "song_duration": "02:49"
        }
    },
    {
        "model": "music.song",
        "pk": 73,
        "fields": {
            "name": "Lovely",
            "artist": 12,
            "uploader": "admin",
            "date_added": "2023-11-10T19:52:05.658Z",
            "language": 11,
            "genre": 1,
            "mood": 2,
            "song_url": "http://res.cloudinary.com/ds9i3o1hj/video/upload/v1699645924/cjibvptt7dooahxajqtb.mp3",
            "thumbnail_url": "http://res.cloudinary.com/ds9i3o1hj/image/upload/v1699645923/cogzjmxuttk1m5zf1xkf.jpg",
            "is_private": false,
            "lyrics_url": "http://res.cloudinary.com/ds9i3o1hj/raw/upload/v1699822436/mko2lohpfrthicxano4q.srt",
            "song_duration": "03:20"
        }
    },
    {
        "model": "music.song",
        "pk": 74,
        "fields": {
            "name": "Unstoppable",
            "artist": 13,
            "uploader": "admin",
            "date_added": "2023-11-10T19:56:55.631Z",
            "language": 11,
            "genre": 1,
            "mood": 8,
            "song_url": "http://res.cloudinary.com/ds9i3o1hj/video/upload/v1699646214/ep4m9fmzrumkxbal6r3c.mp3",
            "thumbnail_url": "http://res.cloudinary.com/ds9i3o1hj/image/upload/v1699646212/kl5p7cip1iy4wb7vu3g8.jpg",
            "is_private": false,
            "lyrics_url": "http://res.cloudinary.com/ds9i3o1hj/raw/upload/v1699822371/jme4tz8dxgbrirzhymda.srt",
            "song_duration": "03:37"
        }
    },
    {
        "model": "music.song",
        "pk": 76,
        "fields": {
            "name": "Baby I",
            "artist": 14,
            "uploader": "admin",
            "date_added": "2023-11-11T19:08:01.441Z",
            "language": 11,
            "genre": 7,
            "mood": 5,
            "song_url": "http://res.cloudinary.com/ds9i3o1hj/video/upload/v1699729679/fol540kixfjygsblqkza.mp3",
            "thumbnail_url": "http://res.cloudinary.com/ds9i3o1hj/image/upload/v1699729662/kxocgndt994ndgynyqdu.jpg",
            "is_private": false,
            "lyrics_url": "http://res.cloudinary.com/ds9i3o1hj/raw/upload/v1699729681/pylssxg1ezvt9hwe9jrg.srt",
            "song_duration": "03:17"
        }
    },
    {
        "model": "music.playlist",
        "pk": 49,
        "fields": {
            "name": "update ho gyi",
            "description": "sfasfafs",
            "thumbnail_url": "https://community.spotify.com/t5/image/serverpage/image-id/25294i2836BD1C1A31BDF2?v=v2",
            "uploader": "admin",
            "date_created": "2023-11-11T05:22:30.389Z",
            "date_updated": "2023-11-16T13:23:49.698Z",
            "is_private": false,
            "songs": [
                50,
                56,
                57,
                58,
                59
            ]
        }
    },
    {
        "model": "music.playlist",
        "pk": 50,
        "fields": {
            "name": "sdsd",
            "description": "sfasfafs",
            "thumbnail_url": "https://community.spotify.com/t5/image/serverpage/image-id/25294i2836BD1C1A31BDF2?v=v2",
            "uploader": "admin",
            "date_created": "2023-11-13T18:22:27.680Z",
            "date_updated": "2023-11-13T18:22:27.680Z",
            "is_private": false,
            "songs": []
        }
    },
    {
        "model": "music.playlist",
        "pk": 51,
        "fields": {
            "name": "Wanderlust",
            "description": "wanderlust",
            "thumbnail_url": "https://community.spotify.com/t5/image/serverpage/image-id/25294i2836BD1C1A31BDF2?v=v2",
            "uploader": "admin",
            "date_created": "2023-11-23T05:09:34.307Z",
            "date_updated": "2023-11-23T05:09:34.307Z",
            "is_private": false,
            "songs": [
                50,
                54,
                56,
                57,
                58,
                59,
                60,
                61
            ]
        }
    },
    {
        "model": "music.playlist",
        "pk": 52,
        "fields": {
            "name": "Havanna",
            "description": "Havanna",
            "thumbnail_url": "https://community.spotify.com/t5/image/serverpage/image-id/25294i2836BD1C1A31BDF2?v=v2",
            "uploader": "lakshay",
            "date_created": "2023-11-23T05:10:17.043Z",
            "date_updated": "2023-11-23T05:10:17.043Z",
            "is_private": false,
            "songs": [
                62,
                63,
                64,
                65,
                66,
                67,
                68,
                69
            ]
        }
    },
    {
        "model": "music.playlist",
        "pk": 53,
        "fields": {
            "name": "Solitude",
            "description": "Solitude",
            "thumbnail_url": "https://community.spotify.com/t5/image/serverpage/image-id/25294i2836BD1C1A31BDF2?v=v2",
            "uploader": "lakshay",
            "date_created": "2023-11-23T05:10:39.321Z",
            "date_updated": "2023-11-23T05:10:39.321Z",
            "is_private": false,
            "songs": [
                68,
                69,
                70,
                71,
                72,
                73,
                74,
                76
            ]
        }
    },
    {
        "model": "music.favourite",
        "pk": 1,
        "fields": {
            "user": "admin",
            "language": [
                1,
                2,
                5,
                11
            ],
            "playlist": [],
            "song": [
                50,
                54,
                56,
                57,
                58,
                59,
                60,
                61,
                62,
                63,
                67,
                68,
                69,
                70,
                72,
                73,
                74
            ],
            "artist": [
                2,
                6
            ]
        }
    },
    {
        "model": "music.favourite",
        "pk": 2,
        "fields": {
            "user": "lakshay",
            "language": [],
            "playlist": [],
            "song": [
                58
            ],
            "artist": [
                1,
                3,
                4
            ]
        }
    },
    {
        "model": "music.favourite",
        "pk": 8,
        "fields": {
            "user": "adasda",
            "language": [],
            "playlist": [],
            "song": [],
            "artist": []
        }
    },
    {
        "model": "music.favourite",
        "pk": 9,
        "fields": {
            "user": "asdsdad",
            "language": [],
            "playlist": [],
            "song": [],
            "artist": []
        }
    },
    {
        "model": "music.recentlyplayed",
        "pk": 2,
        "fields": {
            "user": "lakshay",
            "song": 73,
            "timestamp": "2023-11-16T18:33:46.734Z"
        }
    },
    {
        "model": "music.recentlyplayed",
        "pk": 3,
        "fields": {
            "user": "lakshay",
            "song": 72,
            "timestamp": "2023-11-16T18:38:00.099Z"
        }
    },
    {
        "model": "music.recentlyplayed",
        "pk": 4,
        "fields": {
            "user": "lakshay",
            "song": 71,
            "timestamp": "2023-11-16T18:34:34.691Z"
        }
    },
    {
        "model": "music.recentlyplayed",
        "pk": 5,
        "fields": {
            "user": "lakshay",
            "song": 68,
            "timestamp": "2023-11-16T18:34:14.629Z"
        }
    },
    {
        "model": "music.recentlyplayed",
        "pk": 6,
        "fields": {
            "user": "lakshay",
            "song": 65,
            "timestamp": "2023-11-23T10:13:31.353Z"
        }
    },
    {
        "model": "music.recentlyplayed",
        "pk": 7,
        "fields": {
            "user": "lakshay",
            "song": 64,
            "timestamp": "2023-11-16T18:34:21.839Z"
        }
    },
    {
        "model": "music.recentlyplayed",
        "pk": 8,
        "fields": {
            "user": "lakshay",
            "song": 63,
            "timestamp": "2023-11-16T18:34:24.454Z"
        }
    },
    {
        "model": "music.recentlyplayed",
        "pk": 9,
        "fields": {
            "user": "lakshay",
            "song": 62,
            "timestamp": "2023-11-16T18:34:27.369Z"
        }
    },
    {
        "model": "music.recentlyplayed",
        "pk": 10,
        "fields": {
            "user": "lakshay",
            "song": 59,
            "timestamp": "2023-11-16T18:38:15.982Z"
        }
    },
    {
        "model": "music.recentlyplayed",
        "pk": 11,
        "fields": {
            "user": "lakshay",
            "song": 66,
            "timestamp": "2023-11-23T10:13:40.983Z"
        }
    },
    {
        "model": "game.game",
        "pk": 8,
        "fields": {
            "name": "Guess the song",
            "audio_1": "http://res.cloudinary.com/ds9i3o1hj/video/upload/v1699644669/teurp2a8nbkoht1wgkkk.mp3",
            "correct_answer": "Let it Flow",
            "option1": "Let it Flow",
            "option2": "Brown Rang",
            "option3": "Blue Eyes",
            "option4": "ABCD"
        }
    },
    {
        "model": "game.game",
        "pk": 9,
        "fields": {
            "name": "Guess the song",
            "audio_1": "http://res.cloudinary.com/ds9i3o1hj/video/upload/v1699644327/uyqk5lk2qmyvn7iwgxcz.mp3",
            "correct_answer": "Bol",
            "option1": "Bol",
            "option2": "Let it Flow",
            "option3": "Lovely",
            "option4": "Arcade"
        }
    },
    {
        "model": "game.game",
        "pk": 10,
        "fields": {
            "name": "Guess the song",
            "audio_1": "http://res.cloudinary.com/ds9i3o1hj/video/upload/v1699644669/teurp2a8nbkoht1wgkkk.mp3",
            "correct_answer": "Let it Flow",
            "option1": "Let it Flow",
            "option2": "Bol",
            "option3": "2Phone",
            "option4": "Play date"
        }
    },
    {
        "model": "game.game",
        "pk": 11,
        "fields": {
            "name": "Guess the song",
            "audio_1": "http://res.cloudinary.com/ds9i3o1hj/video/upload/v1699644033/rwdvxytth38o790f4bl1.mp3",
            "correct_answer": "Brown Rang",
            "option1": "Brown Rang",
            "option2": "Lovely",
            "option3": "Let it Flow",
            "option4": "Angreji Beat"
        }
    },
    {
        "model": "game.game",
        "pk": 12,
        "fields": {
            "name": "Guess the song",
            "audio_1": "http://res.cloudinary.com/ds9i3o1hj/video/upload/v1699644206/htwejyysqmdgbpfohkem.mp3",
            "correct_answer": "Kanta Laga",
            "option1": "Kanta Laga",
            "option2": "Aankhon Aankhon",
            "option3": "Play date",
            "option4": "On My Way"
        }
    },
    {
        "model": "game.game",
        "pk": 13,
        "fields": {
            "name": "Guess the song",
            "audio_1": "http://res.cloudinary.com/ds9i3o1hj/video/upload/v1699643098/ag7subcesvmvtpw1r9ee.mp3",
            "correct_answer": "Aashke",
            "option1": "Aashke",
            "option2": "FairPlay Anthem",
            "option3": "Baby I",
            "option4": "ABCD Song"
        }
    },
    {
        "model": "game.game",
        "pk": 14,
        "fields": {
            "name": "Guess the song",
            "audio_1": "http://res.cloudinary.com/ds9i3o1hj/video/upload/v1699644206/htwejyysqmdgbpfohkem.mp3",
            "correct_answer": "Kanta Laga",
            "option1": "Kanta Laga",
            "option2": "Bol",
            "option3": "Blue Eyes",
            "option4": "ABCD Song"
        }
    },
    {
        "model": "game.game",
        "pk": 15,
        "fields": {
            "name": "Guess the song",
            "audio_1": "http://res.cloudinary.com/ds9i3o1hj/video/upload/v1699643348/wgufxqkljjigopzydni0.mp3",
            "correct_answer": "Angreji Beat",
            "option1": "Angreji Beat",
            "option2": "Arcade",
            "option3": "ABCD Song",
            "option4": "Let it Flow"
        }
    },
    {
        "model": "game.game",
        "pk": 16,
        "fields": {
            "name": "Guess the song",
            "audio_1": "http://res.cloudinary.com/ds9i3o1hj/video/upload/v1699645576/muha83nendxwzfpwftay.mp3",
            "correct_answer": "Carried Away",
            "option1": "Carried Away",
            "option2": "Let me Down SLowly",
            "option3": "Unstoppable",
            "option4": "Blue Eyes"
        }
    },
    {
        "model": "game.score",
        "pk": 1,
        "fields": {
            "user": "admin",
            "score": -4,
            "date": "2023-11-18T11:40:26.696Z"
        }
    },
    {
        "model": "game.score",
        "pk": 2,
        "fields": {
            "user": "lakshay",
            "score": 2,
            "date": "2023-11-18T11:57:43.268Z"
        }
    }
]
